,Date,股票代码,Open,Close,High,Low,Volume,成交额,振幅,Change,Amount,Turnover,Adj Close
0,2021-08-20,601728,3.93,5.25,5.66,3.72,38846643,20105591040.0,52.86,43.05,1.58,67.14,5.25
1,2021-08-23,601728,4.64,4.64,4.64,4.64,3109724,1710348208.0,0.0,-11.62,-0.61,5.37,4.64
2,2021-08-24,601728,4.09,4.09,4.09,4.09,4065975,2012657632.0,0.0,-11.85,-0.55,7.03,4.09
3,2021-08-25,601728,4.09,3.97,4.28,3.91,20840903,10182275584.0,9.05,-2.93,-0.12,36.02,3.97
4,2021-08-26,601728,3.87,3.85,3.98,3.76,13816493,6471125760.0,5.54,-3.02,-0.12,23.88,3.85
5,2021-08-27,601728,3.8,3.75,3.84,3.74,9154883,4241738656.0,2.6,-2.6,-0.1,15.82,3.75
6,2021-08-30,601728,3.76,3.78,3.81,3.72,8283241,3821401680.0,2.4,0.8,0.03,14.32,3.78
7,2021-08-31,601728,3.75,3.7,3.76,3.69,7428288,3392268864.0,1.85,-2.12,-0.08,12.84,3.7
8,2021-09-01,601728,3.69,3.72,3.75,3.68,6917194,3164104032.0,1.89,0.54,0.02,11.95,3.72
9,2021-09-02,601728,3.7,3.7,3.71,3.68,5988770,2724702720.0,0.81,-0.54,-0.02,10.35,3.7
10,2021-09-03,601728,3.69,3.68,3.69,3.67,5609119,2547149312.0,0.54,-0.54,-0.02,9.69,3.68
11,2021-09-06,601728,3.68,3.69,3.72,3.67,5960071,2710518576.0,1.36,0.27,0.01,10.3,3.69
12,2021-09-07,601728,3.68,3.68,3.69,3.67,4980432,2260798208.0,0.54,-0.27,-0.01,8.61,3.68
13,2021-09-08,601728,3.68,3.68,3.69,3.67,4579274,2078538304.0,0.54,0.0,0.0,7.91,3.68
14,2021-09-09,601728,3.68,3.68,3.69,3.67,4194722,1903991712.0,0.54,0.0,0.0,7.25,3.68
15,2021-09-10,601728,3.68,3.67,3.69,3.67,4022438,1825151136.0,0.54,-0.27,-0.01,6.95,3.67
16,2021-09-13,601728,3.67,3.68,3.68,3.67,3432768,1556374128.0,0.27,0.27,0.01,5.93,3.68
17,2021-09-14,601728,3.68,3.67,3.68,3.67,4082816,1850571696.0,0.27,-0.27,-0.01,7.06,3.67
18,2021-09-15,601728,3.67,3.67,3.68,3.67,3390751,1536797200.0,0.27,0.0,0.0,5.86,3.67
19,2021-09-16,601728,3.67,3.67,3.68,3.67,4368258,1979723040.0,0.27,0.0,0.0,7.55,3.67
20,2021-09-17,601728,3.67,3.67,3.68,3.67,5390700,2442833872.0,0.27,0.0,0.0,9.32,3.67
21,2021-09-22,601728,3.68,3.77,3.87,3.67,5435019,2511000016.0,5.45,2.72,0.1,12.34,3.77
22,2021-09-23,601728,3.73,3.69,3.74,3.68,3349932,1524449632.0,1.59,-2.12,-0.08,7.6,3.69
23,2021-09-24,601728,3.68,3.58,3.69,3.57,3545092,1585257584.0,3.25,-2.98,-0.11,8.05,3.58
24,2021-09-27,601728,3.58,3.45,3.58,3.44,2857343,1241402320.0,3.91,-3.63,-0.13,6.49,3.45
25,2021-09-28,601728,3.43,3.48,3.52,3.39,1580030,681213376.0,3.77,0.87,0.03,3.59,3.48
26,2021-09-29,601728,3.43,3.4,3.45,3.39,1458438,622819088.0,1.72,-2.3,-0.08,3.31,3.4
27,2021-09-30,601728,3.4,3.43,3.44,3.39,976893,417242992.0,1.47,0.88,0.03,2.22,3.43
28,2021-10-08,601728,3.44,3.48,3.49,3.41,1403774,605277968.0,2.33,1.46,0.05,3.19,3.48
29,2021-10-11,601728,3.47,3.47,3.49,3.45,1059875,458657568.0,1.15,-0.29,-0.01,2.41,3.47
30,2021-10-12,601728,3.46,3.42,3.47,3.39,1262682,540901952.0,2.31,-1.44,-0.05,2.87,3.42
31,2021-10-13,601728,3.41,3.41,3.42,3.39,858032,366030480.0,0.88,-0.29,-0.01,1.95,3.41
32,2021-10-14,601728,3.41,3.4,3.41,3.39,675389,287773376.0,0.59,-0.29,-0.01,1.53,3.4
33,2021-10-15,601728,3.4,3.4,3.42,3.39,783029,333829888.0,0.88,0.0,0.0,1.78,3.4
34,2021-10-18,601728,3.4,3.36,3.4,3.35,1151071,486110064.0,1.47,-1.18,-0.04,2.61,3.36
35,2021-10-19,601728,3.36,3.34,3.37,3.33,936170,393561824.0,1.19,-0.6,-0.02,2.13,3.34
36,2021-10-20,601728,3.34,3.33,3.35,3.32,804948,337215584.0,0.9,-0.3,-0.01,1.83,3.33
37,2021-10-21,601728,3.33,3.31,3.33,3.3,882846,368320416.0,0.9,-0.6,-0.02,2.0,3.31
38,2021-10-22,601728,3.3,3.28,3.3,3.27,1030289,427089232.0,0.91,-0.91,-0.03,2.34,3.28
39,2021-10-25,601728,3.28,3.36,3.36,3.28,1406986,588654768.0,2.44,2.44,0.08,3.19,3.36
40,2021-10-26,601728,3.34,3.34,3.36,3.3,1063230,444934720.0,1.79,-0.6,-0.02,2.41,3.34
41,2021-10-27,601728,3.32,3.37,3.37,3.28,1271709,531832944.0,2.69,0.9,0.03,2.89,3.37
42,2021-10-28,601728,3.37,3.55,3.55,3.32,2111833,903833888.0,6.82,5.34,0.18,4.79,3.55
43,2021-10-29,601728,3.49,3.53,3.53,3.45,1667861,726322000.0,2.25,-0.56,-0.02,3.79,3.53
44,2021-11-01,601728,3.49,3.47,3.5,3.45,868487,376131568.0,1.42,-1.7,-0.06,1.97,3.47
45,2021-11-02,601728,3.45,3.36,3.47,3.36,1033922,441375808.0,3.17,-3.17,-0.11,2.35,3.36
46,2021-11-03,601728,3.35,3.35,3.36,3.33,567512,238716055.0,0.89,-0.3,-0.01,1.29,3.35
47,2021-11-04,601728,3.35,3.33,3.36,3.32,602523,252605814.0,1.19,-0.6,-0.02,1.37,3.33
48,2021-11-05,601728,3.33,3.38,3.41,3.31,1172171,495684832.0,3.0,1.5,0.05,2.66,3.38
49,2021-11-08,601728,3.36,3.35,3.38,3.34,572343,241042212.0,1.18,-0.89,-0.03,1.3,3.35
50,2021-11-09,601728,3.34,3.36,3.38,3.33,541052,228141217.0,1.49,0.3,0.01,1.23,3.36
51,2021-11-10,601728,3.36,3.35,3.37,3.33,531615,223587319.0,1.19,-0.3,-0.01,1.21,3.35
52,2021-11-11,601728,3.34,3.35,3.37,3.34,633024,266651974.0,0.9,0.0,0.0,1.44,3.35
53,2021-11-12,601728,3.35,3.35,3.36,3.34,567338,238809614.0,0.6,0.0,0.0,1.29,3.35
54,2021-11-15,601728,3.36,3.36,3.39,3.35,692020,292359120.0,1.19,0.3,0.01,1.57,3.36
55,2021-11-16,601728,3.36,3.35,3.37,3.34,555963,234427455.0,0.89,-0.3,-0.01,1.26,3.35
56,2021-11-17,601728,3.35,3.35,3.36,3.34,398792,167862985.0,0.6,0.0,0.0,0.91,3.35
57,2021-11-18,601728,3.35,3.32,3.36,3.32,629933,264188491.0,1.19,-0.9,-0.03,1.43,3.32
58,2021-11-19,601728,3.32,3.33,3.34,3.31,575667,240786708.0,0.9,0.3,0.01,1.31,3.33
59,2021-11-22,601728,3.33,3.54,3.54,3.32,2327161,998998256.0,6.61,6.31,0.21,5.28,3.54
60,2021-11-23,601728,3.46,3.44,3.49,3.43,1244256,536434784.0,1.69,-2.82,-0.1,2.82,3.44
61,2021-11-24,601728,3.43,3.43,3.46,3.4,747745,320272960.0,1.74,-0.29,-0.01,1.7,3.43
62,2021-11-25,601728,3.42,3.42,3.44,3.42,429055,183917679.0,0.58,-0.29,-0.01,0.97,3.42
63,2021-11-26,601728,3.42,3.42,3.43,3.41,509857,218147870.0,0.58,0.0,0.0,1.16,3.42
64,2021-11-29,601728,3.41,3.42,3.45,3.38,711738,305020560.0,2.05,0.0,0.0,1.62,3.42
65,2021-11-30,601728,3.42,3.42,3.44,3.41,613623,262893430.0,0.88,0.0,0.0,1.39,3.42
66,2021-12-01,601728,3.41,3.43,3.44,3.4,572306,244939428.0,1.17,0.29,0.01,1.3,3.43
67,2021-12-02,601728,3.42,3.42,3.43,3.41,520961,223057160.0,0.58,-0.29,-0.01,1.18,3.42
68,2021-12-03,601728,3.42,3.46,3.5,3.41,1255635,542392912.0,2.63,1.17,0.04,2.85,3.46
69,2021-12-06,601728,3.45,3.47,3.51,3.44,1319424,571394464.0,2.02,0.29,0.01,3.0,3.47
70,2021-12-07,601728,3.46,3.47,3.49,3.45,854939,369889856.0,1.15,0.0,0.0,1.94,3.47
71,2021-12-08,601728,3.47,3.48,3.49,3.46,873659,379054736.0,0.86,0.29,0.01,1.98,3.48
72,2021-12-09,601728,3.48,3.56,3.56,3.47,1789887,782998816.0,2.59,2.3,0.08,4.06,3.56
73,2021-12-10,601728,3.52,3.58,3.61,3.51,2208463,976864208.0,2.81,0.56,0.02,5.01,3.58
74,2021-12-13,601728,3.56,3.54,3.58,3.54,1205446,532085264.0,1.12,-1.12,-0.04,2.74,3.54
75,2021-12-14,601728,3.53,3.48,3.54,3.48,992355,432356336.0,1.69,-1.69,-0.06,2.25,3.48
76,2021-12-15,601728,3.47,3.49,3.51,3.46,767164,333776272.0,1.44,0.29,0.01,1.74,3.49
77,2021-12-16,601728,3.49,3.5,3.51,3.47,653306,284233360.0,1.15,0.29,0.01,1.48,3.5
78,2021-12-17,601728,3.49,3.49,3.5,3.48,531016,231026600.0,0.57,-0.29,-0.01,1.21,3.49
79,2021-12-20,601728,3.49,3.56,3.61,3.48,2220913,981468304.0,3.72,2.01,0.07,5.04,3.56
80,2021-12-21,601728,3.55,3.57,3.59,3.53,1263152,558254800.0,1.69,0.28,0.01,2.87,3.57
81,2021-12-22,601728,3.57,3.5,3.58,3.5,1015166,445371280.0,2.24,-1.96,-0.07,2.3,3.5
82,2021-12-23,601728,3.5,3.49,3.52,3.49,678627,295986912.0,0.86,-0.29,-0.01,1.54,3.49
83,2021-12-24,601728,3.49,3.45,3.5,3.45,870256,376478304.0,1.43,-1.15,-0.04,1.98,3.45
84,2021-12-27,601728,3.45,3.46,3.48,3.44,613683,265013716.0,1.16,0.29,0.01,1.39,3.46
85,2021-12-28,601728,3.46,3.46,3.47,3.44,452369,194947710.0,0.87,0.0,0.0,1.03,3.46
86,2021-12-29,601728,3.46,3.45,3.46,3.44,357871,154206702.0,0.58,-0.29,-0.01,0.81,3.45
87,2021-12-30,601728,3.45,3.45,3.48,3.44,455108,196612694.0,1.16,0.0,0.0,1.03,3.45
88,2021-12-31,601728,3.46,3.47,3.48,3.45,487037,210624747.0,0.87,0.58,0.02,1.11,3.47
89,2022-01-04,601728,3.46,3.52,3.54,3.46,1232732,537585472.0,2.31,1.44,0.05,2.8,3.52
90,2022-01-05,601728,3.5,3.44,3.5,3.44,1452106,627077136.0,1.7,-2.27,-0.08,3.3,3.44
91,2022-01-06,601728,3.44,3.44,3.46,3.42,760370,326584672.0,1.16,0.0,0.0,1.73,3.44
92,2022-01-07,601728,3.43,3.43,3.47,3.43,738372,317826448.0,1.16,-0.29,-0.01,1.68,3.43
93,2022-01-10,601728,3.43,3.46,3.48,3.43,971501,419457552.0,1.46,0.87,0.03,2.21,3.46
94,2022-01-11,601728,3.46,3.45,3.47,3.44,701701,302969840.0,0.87,-0.29,-0.01,1.59,3.45
95,2022-01-12,601728,3.45,3.45,3.46,3.44,380559,163985884.0,0.58,0.0,0.0,0.86,3.45
96,2022-01-13,601728,3.46,3.44,3.48,3.44,718350,310070976.0,1.16,-0.29,-0.01,1.63,3.44
97,2022-01-14,601728,3.44,3.4,3.45,3.4,917427,392745520.0,1.45,-1.16,-0.04,2.08,3.4
98,2022-01-17,601728,3.4,3.41,3.42,3.39,494118,210672460.0,0.88,0.29,0.01,1.12,3.41
99,2022-01-18,601728,3.41,3.43,3.45,3.4,668718,286391936.0,1.47,0.59,0.02,1.52,3.43
100,2022-01-19,601728,3.42,3.4,3.42,3.4,467981,199747624.0,0.58,-0.87,-0.03,1.06,3.4
101,2022-01-20,601728,3.42,3.42,3.44,3.41,602065,257733577.0,0.88,0.59,0.02,1.37,3.42
102,2022-01-21,601728,3.42,3.41,3.42,3.4,457856,195406262.0,0.58,-0.29,-0.01,1.04,3.41
103,2022-01-24,601728,3.41,3.42,3.43,3.39,570956,244017463.0,1.17,0.29,0.01,1.3,3.42
104,2022-01-25,601728,3.41,3.34,3.42,3.33,876929,370836288.0,2.63,-2.34,-0.08,1.99,3.34
105,2022-01-26,601728,3.34,3.35,3.37,3.34,404257,170136456.0,0.9,0.3,0.01,0.92,3.35
106,2022-01-27,601728,3.36,3.29,3.36,3.29,624971,260904814.0,2.09,-1.79,-0.06,1.42,3.29
107,2022-01-28,601728,3.3,3.3,3.32,3.29,430751,179425714.0,0.91,0.3,0.01,0.98,3.3
108,2022-02-07,601728,3.32,3.35,3.36,3.31,475372,199736306.0,1.52,1.52,0.05,1.08,3.35
109,2022-02-08,601728,3.35,3.43,3.47,3.34,1550003,665685248.0,3.88,2.39,0.08,3.52,3.43
110,2022-02-09,601728,3.42,3.55,3.61,3.41,3656765,1607185120.0,5.83,3.5,0.12,8.3,3.55
111,2022-02-10,601728,3.51,3.46,3.52,3.44,1782492,771994480.0,2.25,-2.54,-0.09,4.05,3.46
112,2022-02-11,601728,3.45,3.45,3.49,3.44,886434,382911232.0,1.45,-0.29,-0.01,2.01,3.45
113,2022-02-14,601728,3.44,3.4,3.45,3.38,966476,412244304.0,2.03,-1.45,-0.05,2.19,3.4
114,2022-02-15,601728,3.39,3.38,3.4,3.37,420352,178331100.0,0.88,-0.59,-0.02,0.95,3.38
115,2022-02-16,601728,3.39,3.39,3.4,3.37,534189,226703772.0,0.89,0.3,0.01,1.21,3.39
116,2022-02-17,601728,3.38,3.36,3.39,3.36,393907,166755576.0,0.88,-0.88,-0.03,0.89,3.36
117,2022-02-18,601728,3.36,3.4,3.4,3.36,501327,212946329.0,1.19,1.19,0.04,1.14,3.4
118,2022-02-21,601728,3.34,3.33,3.36,3.28,4776088,1991650352.0,2.35,-2.06,-0.07,8.86,3.33
119,2022-02-22,601728,3.3,3.3,3.32,3.28,1975961,821223056.0,1.2,-0.9,-0.03,3.66,3.3
120,2022-02-23,601728,3.3,3.32,3.32,3.29,1136033,473545120.0,0.91,0.61,0.02,2.11,3.32
121,2022-02-24,601728,3.31,3.27,3.31,3.26,1884778,780877760.0,1.51,-1.51,-0.05,3.5,3.27
122,2022-02-25,601728,3.27,3.28,3.3,3.27,916497,379676064.0,0.92,0.31,0.01,1.7,3.28
123,2022-02-28,601728,3.28,3.26,3.28,3.24,1014614,417941232.0,1.22,-0.61,-0.02,1.88,3.26
124,2022-03-01,601728,3.26,3.27,3.27,3.25,595366,245238003.0,0.61,0.31,0.01,1.1,3.27
125,2022-03-02,601728,3.26,3.27,3.27,3.25,729251,300071248.0,0.61,0.0,0.0,1.35,3.27
126,2022-03-03,601728,3.26,3.28,3.29,3.26,933915,386342160.0,0.92,0.31,0.01,1.73,3.28
127,2022-03-04,601728,3.27,3.26,3.27,3.24,1058173,435542432.0,0.91,-0.61,-0.02,1.96,3.26
128,2022-03-07,601728,3.25,3.21,3.25,3.2,1262444,515305072.0,1.53,-1.53,-0.05,2.34,3.21
129,2022-03-08,601728,3.21,3.15,3.23,3.14,1200297,484124208.0,2.8,-1.87,-0.06,2.23,3.15
130,2022-03-09,601728,3.15,3.09,3.16,2.96,1509754,594676064.0,6.35,-1.9,-0.06,2.8,3.09
131,2022-03-10,601728,3.11,3.13,3.13,3.07,987329,391076480.0,1.94,1.29,0.04,1.83,3.13
132,2022-03-11,601728,3.09,3.1,3.11,3.04,731563,287644208.0,2.24,-0.96,-0.03,1.36,3.1
133,2022-03-14,601728,3.07,3.11,3.12,3.06,887003,350702032.0,1.94,0.32,0.01,1.65,3.11
134,2022-03-15,601728,3.08,3.04,3.09,3.01,1210679,472749984.0,2.57,-2.25,-0.07,2.25,3.04
135,2022-03-16,601728,3.05,3.08,3.09,2.98,929053,362845296.0,3.62,1.32,0.04,1.72,3.08
136,2022-03-17,601728,3.09,3.18,3.18,3.08,1337825,531642432.0,3.25,3.25,0.1,2.48,3.18
137,2022-03-18,601728,3.2,3.19,3.21,3.15,1161381,469370944.0,1.89,0.31,0.01,2.15,3.19
138,2022-03-21,601728,3.17,3.17,3.18,3.15,653052,262939552.0,0.94,-0.63,-0.02,1.21,3.17
139,2022-03-22,601728,3.16,3.19,3.2,3.15,663070,267969142.0,1.58,0.63,0.02,1.23,3.19
140,2022-03-23,601728,3.19,3.19,3.21,3.18,637966,258526755.0,0.94,0.0,0.0,1.18,3.19
141,2022-03-24,601728,3.18,3.22,3.26,3.17,1222879,499602608.0,2.82,0.94,0.03,2.27,3.22
142,2022-03-25,601728,3.2,3.17,3.21,3.16,718268,290492000.0,1.55,-1.55,-0.05,1.33,3.17
143,2022-03-28,601728,3.14,3.15,3.17,3.1,624868,249209446.0,2.21,-0.63,-0.02,1.16,3.15
144,2022-03-29,601728,3.15,3.15,3.17,3.13,447595,179456804.0,1.27,0.0,0.0,0.83,3.15
145,2022-03-30,601728,3.14,3.16,3.17,3.14,472601,189724664.0,0.95,0.32,0.01,0.88,3.16
146,2022-03-31,601728,3.15,3.14,3.17,3.14,441377,176985831.0,0.95,-0.63,-0.02,0.82,3.14
147,2022-04-01,601728,3.13,3.15,3.16,3.11,416261,166578959.0,1.59,0.32,0.01,0.77,3.15
148,2022-04-06,601728,3.15,3.17,3.18,3.14,459965,184943392.0,1.27,0.63,0.02,0.85,3.17
149,2022-04-07,601728,3.16,3.14,3.19,3.14,456913,183952583.0,1.58,-0.95,-0.03,0.85,3.14
150,2022-04-08,601728,3.14,3.15,3.16,3.12,523966,209618880.0,1.27,0.32,0.01,0.97,3.15
151,2022-04-11,601728,3.15,3.11,3.15,3.09,701298,279390736.0,1.9,-1.27,-0.04,1.3,3.11
152,2022-04-12,601728,3.1,3.14,3.14,3.09,453210,180057676.0,1.61,0.96,0.03,0.84,3.14
153,2022-04-13,601728,3.13,3.16,3.19,3.11,783725,314445520.0,2.55,0.64,0.02,1.45,3.16
154,2022-04-14,601728,3.16,3.16,3.18,3.15,534146,214942852.0,0.95,0.0,0.0,0.99,3.16
155,2022-04-15,601728,3.15,3.15,3.17,3.13,533250,213855045.0,1.27,-0.32,-0.01,0.99,3.15
156,2022-04-18,601728,3.14,3.11,3.15,3.1,650364,258823472.0,1.59,-1.27,-0.04,1.21,3.11
157,2022-04-19,601728,3.12,3.13,3.13,3.1,354232,140885910.0,0.96,0.64,0.02,0.66,3.13
158,2022-04-20,601728,3.13,3.11,3.14,3.11,428882,170772163.0,0.96,-0.64,-0.02,0.8,3.11
159,2022-04-21,601728,3.12,3.06,3.12,3.05,720158,284315296.0,2.25,-1.61,-0.05,1.34,3.06
160,2022-04-22,601728,3.05,3.1,3.13,3.04,707838,279116704.0,2.94,1.31,0.04,1.31,3.1
161,2022-04-25,601728,3.07,3.04,3.13,3.01,1011692,398057776.0,3.87,-1.94,-0.06,1.88,3.04
162,2022-04-26,601728,3.04,3.0,3.06,2.99,633347,245533500.0,2.3,-1.32,-0.04,1.17,3.0
163,2022-04-27,601728,2.98,3.01,3.02,2.96,775656,298352480.0,2.0,0.33,0.01,1.44,3.01
164,2022-04-28,601728,3.0,2.99,3.01,2.97,662067,254879408.0,1.33,-0.66,-0.02,1.23,2.99
165,2022-04-29,601728,3.0,3.03,3.04,2.99,747320,289367824.0,1.67,1.34,0.04,1.39,3.03
166,2022-05-05,601728,3.02,3.01,3.02,3.0,808928,313001872.0,0.66,-0.66,-0.02,1.5,3.01
167,2022-05-06,601728,2.97,2.98,2.99,2.96,635739,243835586.0,1.0,-1.0,-0.03,1.18,2.98
168,2022-05-09,601728,2.97,2.99,3.0,2.97,370772,142708441.0,1.01,0.34,0.01,0.69,2.99
169,2022-05-10,601728,2.97,3.0,3.0,2.96,402086,154484702.0,1.34,0.33,0.01,0.75,3.0
170,2022-05-11,601728,2.99,2.98,3.03,2.98,805263,311065056.0,1.67,-0.67,-0.02,1.49,2.98
171,2022-05-12,601728,2.98,2.98,3.0,2.97,511027,196263638.0,1.01,0.0,0.0,0.95,2.98
172,2022-05-13,601728,2.98,2.99,3.0,2.98,426954,164244391.0,0.67,0.34,0.01,0.79,2.99
173,2022-05-16,601728,3.0,2.99,3.0,2.98,374198,144082456.0,0.67,0.0,0.0,0.69,2.99
174,2022-05-17,601728,2.99,2.99,3.0,2.98,280380,107880647.0,0.67,0.0,0.0,0.52,2.99
175,2022-05-18,601728,3.0,3.0,3.0,2.98,398222,153406977.0,0.67,0.33,0.01,0.74,3.0
176,2022-05-19,601728,2.98,2.99,2.99,2.97,428495,164585126.0,0.67,-0.33,-0.01,0.79,2.99
177,2022-05-20,601728,2.99,3.0,3.01,2.98,770147,297155632.0,1.0,0.33,0.01,1.43,3.0
178,2022-05-23,601728,3.0,3.02,3.03,2.99,760160,294002368.0,1.33,0.67,0.02,1.41,3.02
179,2022-05-24,601728,3.02,2.98,3.02,2.98,780120,300795424.0,1.32,-1.32,-0.04,1.45,2.98
180,2022-05-25,601728,2.98,3.0,3.01,2.98,419142,161502593.0,1.01,0.67,0.02,0.78,3.0
181,2022-05-26,601728,3.0,3.01,3.02,2.99,411128,158844091.0,1.0,0.33,0.01,0.76,3.01
182,2022-05-27,601728,3.02,3.0,3.02,2.99,381915,147601785.0,1.0,-0.33,-0.01,0.71,3.0
183,2022-05-30,601728,3.01,3.0,3.01,2.99,335168,129311608.0,0.67,0.0,0.0,0.62,3.0
184,2022-05-31,601728,2.99,3.01,3.02,2.99,511717,197766916.0,1.0,0.33,0.01,0.95,3.01
185,2022-06-01,601728,3.02,3.03,3.04,3.01,681255,264788932.0,1.0,0.66,0.02,1.26,3.03
186,2022-06-02,601728,3.03,3.05,3.06,3.01,547157,213029149.0,1.65,0.66,0.02,1.01,3.05
187,2022-06-06,601728,3.05,3.05,3.05,3.03,810718,316163744.0,0.66,0.0,0.0,1.5,3.05
188,2022-06-07,601728,3.05,3.05,3.06,3.03,638305,249422816.0,0.98,0.0,0.0,1.18,3.05
189,2022-06-08,601728,3.07,3.05,3.09,3.04,1227704,460567568.0,1.64,0.0,0.0,2.28,3.05
190,2022-06-09,601728,3.05,3.06,3.07,3.04,585995,219108771.0,0.98,0.33,0.01,1.09,3.06
191,2022-06-10,601728,3.05,3.09,3.09,3.04,795350,298422384.0,1.63,0.98,0.03,1.48,3.09
192,2022-06-13,601728,3.07,3.06,3.08,3.05,492547,184923458.0,0.97,-0.97,-0.03,0.91,3.06
193,2022-06-14,601728,3.05,3.06,3.06,3.03,541431,202342015.0,0.98,0.0,0.0,1.0,3.06
194,2022-06-15,601728,3.06,3.13,3.14,3.05,1528951,580699296.0,2.94,2.29,0.07,2.84,3.13
195,2022-06-16,601728,3.11,3.08,3.12,3.08,750764,284046976.0,1.28,-1.6,-0.05,1.39,3.08
196,2022-06-17,601728,3.07,3.06,3.08,3.05,517142,194110989.0,0.97,-0.65,-0.02,0.96,3.06
197,2022-06-20,601728,3.06,3.06,3.08,3.05,554397,208014244.0,0.98,0.0,0.0,1.03,3.06
198,2022-06-21,601728,3.06,3.06,3.07,3.05,448705,168324312.0,0.65,0.0,0.0,0.83,3.06
199,2022-06-22,601728,3.07,3.04,3.07,3.04,418820,156561741.0,0.98,-0.65,-0.02,0.78,3.04
200,2022-06-23,601728,3.04,3.05,3.06,3.03,404868,151221556.0,0.99,0.33,0.01,0.75,3.05
201,2022-06-24,601728,3.05,3.05,3.06,3.04,368719,137807996.0,0.66,0.0,0.0,0.68,3.05
202,2022-06-27,601728,3.06,3.05,3.06,3.04,407326,152424135.0,0.66,0.0,0.0,0.76,3.05
203,2022-06-28,601728,3.05,3.06,3.06,3.04,348193,130185591.0,0.66,0.33,0.01,0.65,3.06
204,2022-06-29,601728,3.06,3.05,3.06,3.03,545444,203867103.0,0.98,-0.33,-0.01,1.01,3.05
205,2022-06-30,601728,3.04,3.04,3.05,3.03,634670,236725123.0,0.66,-0.33,-0.01,1.18,3.04
206,2022-07-01,601728,3.03,3.03,3.04,3.03,360058,134046835.0,0.33,-0.33,-0.01,0.67,3.03
207,2022-07-04,601728,3.03,3.04,3.04,3.02,352531,131202296.0,0.66,0.33,0.01,0.65,3.04
208,2022-07-05,601728,3.04,3.02,3.04,3.02,473603,175946699.0,0.66,-0.66,-0.02,0.88,3.02
209,2022-07-06,601728,3.02,3.01,3.03,3.0,519065,192034416.0,0.99,-0.33,-0.01,0.96,3.01
210,2022-07-07,601728,3.01,3.01,3.03,3.0,430959,159571654.0,1.0,0.0,0.0,0.8,3.01
211,2022-07-08,601728,3.02,3.02,3.03,3.01,343915,127536604.0,0.66,0.33,0.01,0.64,3.02
212,2022-07-11,601728,3.02,3.03,3.05,3.0,694665,258843327.0,1.66,0.33,0.01,1.29,3.03
213,2022-07-12,601728,3.03,3.05,3.07,3.03,790524,295566735.0,1.32,0.66,0.02,1.47,3.05
214,2022-07-13,601728,3.05,3.06,3.06,3.03,407627,152397578.0,0.98,0.33,0.01,0.76,3.06
215,2022-07-14,601728,3.06,3.03,3.06,3.03,358226,133666082.0,0.98,-0.98,-0.03,0.66,3.03
216,2022-07-15,601728,3.04,3.02,3.05,3.02,537361,200208996.0,0.99,-0.33,-0.01,1.0,3.02
217,2022-07-18,601728,3.02,3.05,3.05,3.02,340539,126899623.0,0.99,0.99,0.03,0.63,3.05
218,2022-07-19,601728,3.04,3.05,3.05,3.03,281763,105160569.0,0.66,0.0,0.0,0.52,3.05
219,2022-07-20,601728,3.05,3.04,3.06,3.04,317187,118462942.0,0.66,-0.33,-0.01,0.59,3.04
220,2022-07-21,601728,3.05,3.05,3.06,3.03,433471,161983899.0,0.99,0.33,0.01,0.8,3.05
221,2022-07-22,601728,3.04,3.05,3.05,3.03,279791,104414354.0,0.66,0.0,0.0,0.52,3.05
222,2022-07-25,601728,3.05,3.03,3.05,3.02,306382,114088924.0,0.98,-0.66,-0.02,0.57,3.03
223,2022-07-26,601728,3.04,3.05,3.06,3.02,499673,186725396.0,1.32,0.66,0.02,0.93,3.05
224,2022-07-27,601728,3.05,3.04,3.06,3.04,235809,88091019.0,0.66,-0.33,-0.01,0.44,3.04
225,2022-07-28,601728,3.04,3.04,3.05,3.03,335140,125001073.0,0.66,0.0,0.0,0.62,3.04
226,2022-07-29,601728,3.04,3.02,3.05,3.02,366360,136194484.0,0.99,-0.66,-0.02,0.68,3.02
227,2022-08-01,601728,3.02,3.02,3.04,3.01,319865,118796980.0,0.99,0.0,0.0,0.59,3.02
228,2022-08-02,601728,3.01,3.01,3.02,2.96,961844,353520697.0,1.99,-0.33,-0.01,1.78,3.01
229,2022-08-03,601728,2.99,2.99,3.01,2.98,300777,110681635.0,1.0,-0.66,-0.02,0.56,2.99
230,2022-08-04,601728,2.99,2.99,3.0,2.98,258381,94984358.0,0.67,0.0,0.0,0.48,2.99
231,2022-08-05,601728,3.0,3.01,3.01,2.98,318193,117290820.0,1.0,0.67,0.02,0.59,3.01
232,2022-08-08,601728,3.0,3.01,3.01,2.99,233520,86214363.0,0.66,0.0,0.0,0.43,3.01
233,2022-08-09,601728,3.0,3.04,3.05,3.0,581083,216196493.0,1.66,1.0,0.03,1.08,3.04
234,2022-08-10,601728,3.03,3.03,3.06,3.02,396955,147910275.0,1.32,-0.33,-0.01,0.74,3.03
235,2022-08-11,601728,3.04,3.05,3.06,3.03,552798,206540177.0,0.99,0.66,0.02,1.03,3.05
236,2022-08-12,601728,3.07,3.06,3.07,3.05,631082,236750720.0,0.66,0.33,0.01,1.17,3.06
237,2022-08-15,601728,3.06,3.07,3.07,3.05,503385,188902756.0,0.65,0.33,0.01,0.93,3.07
238,2022-08-16,601728,3.07,3.06,3.07,3.05,383818,143865710.0,0.65,-0.33,-0.01,0.71,3.06
239,2022-08-17,601728,3.05,3.08,3.08,3.04,1262640,473473236.0,1.31,0.65,0.02,2.34,3.08
240,2022-08-18,601728,3.07,3.08,3.09,3.05,712197,267288565.0,1.3,0.0,0.0,1.32,3.08
241,2022-08-19,601728,3.07,3.11,3.11,3.06,948712,358810819.0,1.62,0.97,0.03,1.76,3.11
242,2022-08-22,601728,3.09,3.14,3.14,3.08,1066981,406494064.0,1.93,0.96,0.03,0.54,3.14
243,2022-08-23,601728,3.13,3.11,3.13,3.1,456914,173663705.0,0.96,-0.96,-0.03,0.23,3.11
244,2022-08-24,601728,3.11,3.05,3.11,3.05,676960,254676380.0,1.93,-1.93,-0.06,0.35,3.05
245,2022-08-25,601728,3.07,3.07,3.08,3.03,544736,204241327.0,1.64,0.66,0.02,0.28,3.07
246,2022-08-26,601728,3.07,3.05,3.07,3.04,317009,118721478.0,0.98,-0.65,-0.02,0.16,3.05
247,2022-08-29,601728,3.04,3.05,3.05,3.03,284147,105992612.0,0.66,0.0,0.0,0.15,3.05
248,2022-08-30,601728,3.04,3.05,3.06,3.04,233569,87346874.0,0.66,0.0,0.0,0.12,3.05
249,2022-08-31,601728,3.05,3.06,3.08,3.04,503198,188844517.0,1.31,0.33,0.01,0.26,3.06
250,2022-09-01,601728,3.07,3.07,3.09,3.05,547442,205900012.0,1.31,0.33,0.01,0.28,3.07
251,2022-09-02,601728,3.08,3.1,3.1,3.06,438503,165455614.0,1.3,0.98,0.03,0.22,3.1
252,2022-09-05,601728,3.1,3.13,3.13,3.08,647014,245642406.0,1.61,0.97,0.03,0.33,3.13
253,2022-09-06,601728,3.12,3.12,3.14,3.11,574952,219322850.0,0.96,-0.32,-0.01,0.29,3.12
254,2022-09-07,601728,3.12,3.13,3.14,3.1,559393,212988311.0,1.28,0.32,0.01,0.29,3.13
255,2022-09-08,601728,3.15,3.18,3.19,3.13,1141603,426707319.0,1.92,1.6,0.05,0.58,3.18
256,2022-09-09,601728,3.18,3.23,3.23,3.16,1082029,409174877.0,2.2,1.57,0.05,0.55,3.23
257,2022-09-13,601728,3.23,3.24,3.27,3.2,931134,354693214.0,2.17,0.31,0.01,0.48,3.24
258,2022-09-14,601728,3.22,3.24,3.24,3.18,815074,307943345.0,1.85,0.0,0.0,0.42,3.24
259,2022-09-15,601728,3.22,3.21,3.25,3.2,545912,207095870.0,1.54,-0.93,-0.03,0.28,3.21
260,2022-09-16,601728,3.22,3.18,3.22,3.17,664431,249788239.0,1.56,-0.93,-0.03,0.34,3.18
261,2022-09-19,601728,3.16,3.17,3.21,3.15,433247,162136890.0,1.89,-0.31,-0.01,0.22,3.17
262,2022-09-20,601728,3.18,3.16,3.19,3.15,222441,83191947.0,1.26,-0.32,-0.01,0.11,3.16
263,2022-09-21,601728,3.17,3.17,3.19,3.14,437319,163305577.0,1.58,0.32,0.01,0.22,3.17
264,2022-09-22,601728,3.16,3.19,3.19,3.15,327205,122555170.0,1.26,0.63,0.02,0.17,3.19
265,2022-09-23,601728,3.18,3.29,3.32,3.18,2377092,917531785.0,4.39,3.13,0.1,1.21,3.29
266,2022-09-26,601728,3.29,3.25,3.3,3.22,1005467,385653940.0,2.43,-1.22,-0.04,0.51,3.25
267,2022-09-27,601728,3.23,3.28,3.29,3.23,631550,242375164.0,1.85,0.92,0.03,0.32,3.28
268,2022-09-28,601728,3.28,3.26,3.31,3.25,775329,298934270.0,1.83,-0.61,-0.02,0.4,3.26
269,2022-09-29,601728,3.26,3.24,3.29,3.22,654027,249659637.0,2.15,-0.61,-0.02,0.33,3.24
270,2022-09-30,601728,3.24,3.26,3.28,3.22,404463,154530709.0,1.85,0.62,0.02,0.21,3.26
271,2022-10-10,601728,3.26,3.31,3.34,3.25,1421686,552935937.0,2.76,1.53,0.05,0.73,3.31
272,2022-10-11,601728,3.32,3.31,3.32,3.29,530421,205507670.0,0.91,0.0,0.0,0.27,3.31
273,2022-10-12,601728,3.31,3.37,3.38,3.3,1328741,521411332.0,2.42,1.81,0.06,0.68,3.37
274,2022-10-13,601728,3.36,3.39,3.41,3.32,1112243,438710896.0,2.67,0.59,0.02,0.57,3.39
275,2022-10-14,601728,3.39,3.35,3.4,3.33,1079575,424671836.0,2.06,-1.18,-0.04,0.55,3.35
276,2022-10-17,601728,3.35,3.37,3.38,3.33,702463,275206713.0,1.49,0.6,0.02,0.36,3.37
277,2022-10-18,601728,3.36,3.34,3.37,3.32,600007,234705498.0,1.48,-0.89,-0.03,0.31,3.34
278,2022-10-19,601728,3.35,3.35,3.36,3.31,539068,210293511.0,1.5,0.3,0.01,0.28,3.35
279,2022-10-20,601728,3.34,3.35,3.37,3.32,562457,220449475.0,1.49,0.0,0.0,0.29,3.35
280,2022-10-21,601728,3.32,3.32,3.35,3.3,594938,231319712.0,1.49,-0.9,-0.03,0.3,3.32
281,2022-10-24,601728,3.32,3.28,3.34,3.28,731840,284480561.0,1.81,-1.2,-0.04,0.37,3.28
282,2022-10-25,601728,3.28,3.3,3.32,3.27,560917,217031011.0,1.52,0.61,0.02,0.29,3.3
283,2022-10-26,601728,3.31,3.3,3.31,3.29,479518,185441459.0,0.61,0.0,0.0,0.24,3.3
284,2022-10-27,601728,3.3,3.38,3.4,3.29,1188005,466018744.0,3.33,2.42,0.08,0.61,3.38
285,2022-10-28,601728,3.37,3.34,3.39,3.33,530476,208704198.0,1.78,-1.18,-0.04,0.27,3.34
286,2022-10-31,601728,3.33,3.36,3.38,3.32,650495,255463114.0,1.8,0.6,0.02,0.33,3.36
287,2022-11-01,601728,3.36,3.39,3.41,3.35,651114,257973632.0,1.79,0.89,0.03,0.33,3.39
288,2022-11-02,601728,3.39,3.46,3.58,3.35,1702523,683885828.0,6.78,2.06,0.07,0.87,3.46
289,2022-11-03,601728,3.42,3.38,3.43,3.36,922255,365268279.0,2.02,-2.31,-0.08,0.47,3.38
290,2022-11-04,601728,3.36,3.4,3.4,3.35,780457,307997177.0,1.48,0.59,0.02,0.4,3.4
291,2022-11-07,601728,3.38,3.38,3.39,3.37,556299,219544380.0,0.59,-0.59,-0.02,0.28,3.38
292,2022-11-08,601728,3.38,3.37,3.39,3.36,448012,176598812.0,0.89,-0.3,-0.01,0.23,3.37
293,2022-11-09,601728,3.37,3.37,3.39,3.36,316106,124723685.0,0.89,0.0,0.0,0.16,3.37
294,2022-11-10,601728,3.37,3.39,3.4,3.36,444485,175840459.0,1.19,0.59,0.02,0.23,3.39
295,2022-11-11,601728,3.43,3.41,3.43,3.4,532717,212338346.0,0.88,0.59,0.02,0.27,3.41
296,2022-11-14,601728,3.42,3.35,3.42,3.35,716707,282905243.0,2.05,-1.76,-0.06,0.37,3.35
297,2022-11-15,601728,3.35,3.33,3.37,3.3,1047763,409331057.0,2.09,-0.6,-0.02,0.53,3.33
298,2022-11-16,601728,3.32,3.33,3.35,3.31,508516,198386900.0,1.2,0.0,0.0,0.26,3.33
299,2022-11-17,601728,3.33,3.34,3.34,3.31,348367,135701360.0,0.9,0.3,0.01,0.18,3.34
300,2022-11-18,601728,3.35,3.35,3.37,3.33,759512,297865088.0,1.2,0.3,0.01,0.39,3.35
301,2022-11-21,601728,3.33,3.32,3.34,3.32,361685,140998047.0,0.6,-0.9,-0.03,0.18,3.32
302,2022-11-22,601728,3.33,3.46,3.58,3.32,2951932,1193974010.0,7.83,4.22,0.14,1.51,3.46
303,2022-11-23,601728,3.43,3.46,3.51,3.4,1462798,589371608.0,3.18,0.0,0.0,0.75,3.46
304,2022-11-24,601728,3.45,3.45,3.49,3.42,714287,287132834.0,2.02,-0.29,-0.01,0.36,3.45
305,2022-11-25,601728,3.44,3.62,3.69,3.43,4257269,1774843854.0,7.54,4.93,0.17,2.17,3.62
306,2022-11-28,601728,3.55,3.63,3.68,3.53,1976350,828409684.0,4.14,0.28,0.01,1.01,3.63
307,2022-11-29,601728,3.63,3.61,3.67,3.58,1312156,549259680.0,2.48,-0.55,-0.02,0.67,3.61
308,2022-11-30,601728,3.61,3.77,3.82,3.6,3516693,1517523759.0,6.09,4.43,0.16,1.8,3.77
309,2022-12-01,601728,3.74,3.81,4.09,3.71,4128055,1843509501.0,10.08,1.06,0.04,2.11,3.81
310,2022-12-02,601728,3.78,3.77,3.85,3.73,1775265,772362602.0,3.15,-1.05,-0.04,0.91,3.77
311,2022-12-05,601728,3.84,4.02,4.09,3.81,5446961,2481203193.0,7.43,6.63,0.25,2.78,4.02
312,2022-12-06,601728,3.94,3.93,4.0,3.88,2610482,1178133504.0,2.99,-2.24,-0.09,1.33,3.93
313,2022-12-07,601728,3.92,3.82,3.93,3.76,2676305,1178943483.0,4.33,-2.8,-0.11,1.37,3.82
314,2022-12-08,601728,3.81,3.79,3.82,3.75,1727207,751974315.0,1.83,-0.79,-0.03,0.88,3.79
315,2022-12-09,601728,3.78,3.83,3.91,3.76,2776953,1226523866.0,3.96,1.06,0.04,1.42,3.83
316,2022-12-12,601728,3.81,3.9,4.03,3.8,2539522,1146623814.0,6.01,1.83,0.07,1.3,3.9
317,2022-12-13,601728,3.9,3.86,3.92,3.81,948701,420675402.0,2.82,-1.03,-0.04,0.48,3.86
318,2022-12-14,601728,3.86,3.78,3.91,3.77,1208936,528963621.0,3.63,-2.07,-0.08,0.62,3.78
319,2022-12-15,601728,3.8,3.77,3.82,3.76,1043527,454263145.0,1.59,-0.26,-0.01,0.53,3.77
320,2022-12-16,601728,3.74,3.75,3.79,3.74,905495,392057701.0,1.33,-0.53,-0.02,0.46,3.75
321,2022-12-19,601728,3.75,3.6,3.77,3.56,1412874,594859215.0,5.6,-4.0,-0.15,0.72,3.6
322,2022-12-20,601728,3.61,3.6,3.66,3.57,755136,315741977.0,2.5,0.0,0.0,0.39,3.6
323,2022-12-21,601728,3.6,3.57,3.63,3.54,803432,332815814.0,2.5,-0.83,-0.03,0.41,3.57
324,2022-12-22,601728,3.58,3.56,3.66,3.53,1090045,452857466.0,3.64,-0.28,-0.01,0.56,3.56
325,2022-12-23,601728,3.54,3.66,3.68,3.54,1080210,453817384.0,3.93,2.81,0.1,0.55,3.66
326,2022-12-26,601728,3.65,3.64,3.73,3.62,711395,300721798.0,3.01,-0.55,-0.02,0.36,3.64
327,2022-12-27,601728,3.65,3.67,3.69,3.63,727908,308878759.0,1.65,0.82,0.03,0.37,3.67
328,2022-12-28,601728,3.67,3.66,3.73,3.62,810993,343499672.0,3.0,-0.27,-0.01,0.41,3.66
329,2022-12-29,601728,3.65,3.63,3.67,3.59,735264,308322902.0,2.19,-0.82,-0.03,0.38,3.63
330,2022-12-30,601728,3.64,3.62,3.66,3.59,593334,248544491.0,1.93,-0.28,-0.01,0.3,3.62
331,2023-01-03,601728,3.61,3.78,3.85,3.58,1886962,815469529.0,7.46,4.42,0.16,0.96,3.78
332,2023-01-04,601728,3.76,3.81,3.84,3.75,1217216,533315064.0,2.38,0.79,0.03,0.62,3.81
333,2023-01-05,601728,3.81,3.79,3.91,3.78,1162060,511274776.0,3.41,-0.52,-0.02,0.59,3.79
334,2023-01-06,601728,3.78,3.73,3.79,3.7,1121335,481886635.0,2.37,-1.58,-0.06,0.57,3.73
335,2023-01-09,601728,3.73,3.78,3.79,3.7,1049592,453710168.0,2.41,1.34,0.05,0.54,3.78
336,2023-01-10,601728,3.77,3.74,3.79,3.73,703222,303876271.0,1.59,-1.06,-0.04,0.36,3.74
337,2023-01-11,601728,3.74,3.78,3.81,3.73,1205213,524344881.0,2.14,1.07,0.04,0.62,3.78
338,2023-01-12,601728,3.76,3.83,3.86,3.74,1279229,559001572.0,3.17,1.32,0.05,0.65,3.83
339,2023-01-13,601728,3.82,3.87,3.88,3.8,1308615,578715372.0,2.09,1.04,0.04,0.67,3.87
340,2023-01-16,601728,3.86,3.78,3.88,3.76,1728834,757801324.0,3.1,-2.33,-0.09,0.88,3.78
341,2023-01-17,601728,3.77,3.73,3.8,3.72,848962,366653122.0,2.12,-1.32,-0.05,0.43,3.73
342,2023-01-18,601728,3.72,3.82,3.86,3.69,1552857,677817259.0,4.56,2.41,0.09,0.79,3.82
343,2023-01-19,601728,3.81,3.84,3.88,3.78,1224415,537529608.0,2.62,0.52,0.02,0.63,3.84
344,2023-01-20,601728,3.87,4.28,4.28,3.87,7978460,3791523759.0,10.68,11.46,0.44,4.07,4.28
345,2023-01-30,601728,4.41,4.43,4.54,4.27,7406302,3679805491.0,6.31,3.5,0.15,3.78,4.43
346,2023-01-31,601728,4.38,4.43,4.47,4.3,3689994,1827815576.0,3.84,0.0,0.0,1.88,4.43
347,2023-02-01,601728,4.39,4.46,4.6,4.36,3272919,1642537027.0,5.42,0.68,0.03,1.67,4.46
348,2023-02-02,601728,4.45,4.57,4.68,4.43,3660379,1883418138.0,5.61,2.47,0.11,1.87,4.57
349,2023-02-03,601728,4.52,4.56,4.59,4.43,2367128,1200323231.0,3.5,-0.22,-0.01,1.21,4.56
350,2023-02-06,601728,4.46,4.48,4.6,4.39,2608218,1319522268.0,4.61,-1.75,-0.08,1.33,4.48
351,2023-02-07,601728,4.47,4.46,4.51,4.43,1503927,757392627.0,1.79,-0.45,-0.02,0.77,4.46
352,2023-02-08,601728,4.41,4.31,4.46,4.3,2618418,1287352690.0,3.59,-3.36,-0.15,1.34,4.31
353,2023-02-09,601728,4.26,4.46,4.56,4.24,2017967,1004760702.0,7.42,3.48,0.15,1.03,4.46
354,2023-02-10,601728,4.44,4.44,4.6,4.4,1500710,756818645.0,4.48,-0.45,-0.02,0.77,4.44
355,2023-02-13,601728,4.4,4.51,4.53,4.38,1947386,975786977.0,3.38,1.58,0.07,0.99,4.51
356,2023-02-14,601728,4.51,4.5,4.58,4.44,1114461,564587217.0,3.1,-0.22,-0.01,0.57,4.5
357,2023-02-15,601728,4.52,4.7,4.96,4.5,3121706,1644991110.0,10.22,4.44,0.2,1.59,4.7
358,2023-02-16,601728,4.7,5.13,5.23,4.66,5542640,3138512291.0,12.13,9.15,0.43,2.83,5.13
359,2023-02-17,601728,5.14,4.88,5.18,4.81,4057787,2240730987.0,7.21,-4.87,-0.25,2.07,4.88
360,2023-02-20,601728,5.03,5.43,5.43,4.88,7272506,4262905068.0,11.27,11.27,0.55,3.71,5.43
361,2023-02-21,601728,5.47,5.58,5.61,5.26,6628317,3979828362.0,6.45,2.76,0.15,3.38,5.58
362,2023-02-22,601728,5.44,5.11,5.44,5.09,8093736,4687391781.0,6.27,-8.42,-0.47,4.13,5.11
363,2023-02-23,601728,5.01,4.88,5.07,4.81,7263718,4009878490.0,5.09,-4.5,-0.23,3.71,4.88
364,2023-02-24,601728,4.86,4.96,5.04,4.78,5696007,3121363779.0,5.33,1.64,0.08,2.91,4.96
365,2023-02-27,601728,4.88,4.93,5.05,4.87,4674594,2592239426.0,3.63,-0.6,-0.03,2.39,4.93
366,2023-02-28,601728,5.15,5.28,5.38,5.06,9024457,5207803883.0,6.49,7.1,0.35,4.61,5.28
367,2023-03-01,601728,5.21,5.78,5.85,5.18,9810572,6049024506.0,12.69,9.47,0.5,5.01,5.78
368,2023-03-02,601728,5.68,5.71,5.81,5.57,5422954,3403522908.0,4.15,-1.21,-0.07,2.77,5.71
369,2023-03-03,601728,5.56,5.81,6.09,5.5,6671685,4268597296.0,10.33,1.75,0.1,3.41,5.81
370,2023-03-06,601728,5.88,5.85,6.09,5.71,5875330,3789042086.0,6.54,0.69,0.04,3.0,5.85
371,2023-03-07,601728,5.76,5.59,6.04,5.53,6536258,4139303495.0,8.72,-4.44,-0.26,3.34,5.59
372,2023-03-08,601728,5.59,5.88,5.88,5.54,4842477,3021012357.0,6.08,5.19,0.29,2.47,5.88
373,2023-03-09,601728,5.82,6.23,6.38,5.68,6933597,4554134104.0,11.9,5.95,0.35,3.54,6.23
374,2023-03-10,601728,6.11,6.06,6.46,6.0,6584964,4460233820.0,7.38,-2.73,-0.17,3.36,6.06
375,2023-03-13,601728,6.08,6.69,6.7,6.06,7909677,5535545353.0,10.56,10.4,0.63,4.04,6.69
376,2023-03-14,601728,6.55,6.71,6.94,6.47,6927321,4983733195.0,7.03,0.3,0.02,3.54,6.71
377,2023-03-15,601728,6.7,6.58,6.76,6.44,4598937,3276174504.0,4.77,-1.94,-0.13,2.35,6.58
378,2023-03-16,601728,6.51,6.47,6.73,6.38,5064125,3596827485.0,5.32,-1.67,-0.11,2.59,6.47
379,2023-03-17,601728,6.48,6.68,6.68,6.37,6200058,4413142187.0,4.79,3.25,0.21,3.16,6.68
380,2023-03-20,601728,6.64,5.96,6.71,5.96,9659620,6630084554.0,11.23,-10.78,-0.72,4.93,5.96
381,2023-03-21,601728,5.85,6.05,6.13,5.85,5825819,3831159707.0,4.7,1.51,0.09,2.97,6.05
382,2023-03-22,601728,5.98,6.13,6.28,5.91,5880003,3944203653.0,6.12,1.32,0.08,3.0,6.13
383,2023-03-23,601728,6.28,6.32,6.36,5.95,8915492,6013650154.0,6.69,3.1,0.19,4.55,6.32
384,2023-03-24,601728,6.21,6.06,6.23,5.94,7000522,4646233985.0,4.59,-4.11,-0.26,3.57,6.06
385,2023-03-27,601728,5.98,5.78,6.07,5.55,8957517,5673965057.0,8.58,-4.62,-0.28,4.57,5.78
386,2023-03-28,601728,5.73,5.85,5.99,5.67,6591404,4219805123.0,5.54,1.21,0.07,3.36,5.85
387,2023-03-29,601728,5.79,5.75,5.85,5.55,6129845,3841735621.0,5.13,-1.71,-0.1,3.13,5.75
388,2023-03-30,601728,5.72,5.51,5.83,5.46,6391927,3938792814.0,6.43,-4.17,-0.24,3.26,5.51
389,2023-03-31,601728,5.53,5.76,5.86,5.48,6025532,3760384858.0,6.9,4.54,0.25,3.08,5.76
390,2023-04-03,601728,5.7,5.95,6.05,5.66,7089582,4553913031.0,6.77,3.3,0.19,3.62,5.95
391,2023-04-04,601728,5.9,6.4,6.51,5.87,9316775,6368237655.0,10.76,7.56,0.45,4.76,6.4
392,2023-04-06,601728,6.24,6.35,6.45,6.06,5558491,3806175106.0,6.09,-0.78,-0.05,2.84,6.35
393,2023-04-07,601728,6.3,6.41,6.55,6.19,4017314,2779516301.0,5.67,0.94,0.06,2.05,6.41
394,2023-04-10,601728,6.35,6.32,6.67,6.3,5724456,4016230063.0,5.77,-1.4,-0.09,2.92,6.32
395,2023-04-11,601728,6.24,6.05,6.27,5.93,5470273,3621943548.0,5.38,-4.27,-0.27,2.79,6.05
396,2023-04-12,601728,6.01,6.45,6.55,5.99,6472440,4497643616.0,9.26,6.61,0.4,3.3,6.45
397,2023-04-13,601728,6.33,6.23,6.43,6.1,4338604,2962670140.0,5.12,-3.41,-0.22,2.21,6.23
398,2023-04-14,601728,6.25,6.32,6.46,6.17,4048392,2784946793.0,4.65,1.44,0.09,2.07,6.32
399,2023-04-17,601728,6.25,6.46,6.5,6.15,4964249,3450897073.0,5.54,2.22,0.14,2.53,6.46
400,2023-04-18,601728,6.34,6.51,6.58,6.26,5200109,3635886073.0,4.95,0.77,0.05,2.65,6.51
401,2023-04-19,601728,6.46,6.2,6.47,6.17,5025428,3442010687.0,4.61,-4.76,-0.31,2.57,6.2
402,2023-04-20,601728,6.23,6.25,6.31,6.08,3835006,2605304757.0,3.71,0.81,0.05,1.96,6.25
403,2023-04-21,601728,6.27,6.07,6.33,6.07,4060647,2743647671.0,4.16,-2.88,-0.18,2.07,6.07
404,2023-04-24,601728,6.05,6.09,6.26,5.98,3157631,2116442228.0,4.61,0.33,0.02,1.61,6.09
405,2023-04-25,601728,6.1,5.94,6.13,5.82,3578962,2341217247.0,5.09,-2.46,-0.15,1.83,5.94
406,2023-04-26,601728,5.87,5.92,5.98,5.71,3183334,2031296232.0,4.55,-0.34,-0.02,1.62,5.92
407,2023-04-27,601728,5.81,5.96,6.02,5.74,2906895,1893564162.0,4.73,0.68,0.04,1.48,5.96
408,2023-04-28,601728,5.97,6.12,6.14,5.94,2535570,1685319846.0,3.36,2.68,0.16,1.29,6.12
409,2023-05-04,601728,6.04,6.08,6.15,5.92,2608190,1725996962.0,3.76,-0.65,-0.04,1.33,6.08
410,2023-05-05,601728,6.08,6.04,6.25,5.92,2898668,1926938177.0,5.43,-0.66,-0.04,1.48,6.04
411,2023-05-08,601728,6.01,6.32,6.44,5.96,4670616,3179833119.0,7.95,4.64,0.28,2.38,6.32
412,2023-05-09,601728,6.28,6.08,6.39,6.05,3328305,2252108271.0,5.38,-3.8,-0.24,1.7,6.08
413,2023-05-10,601728,6.08,6.18,6.35,5.98,2878764,1943876196.0,6.09,1.64,0.1,1.47,6.18
414,2023-05-11,601728,6.15,5.98,6.15,5.93,2603321,1710972113.0,3.56,-3.24,-0.2,1.33,5.98
415,2023-05-12,601728,5.98,5.82,6.12,5.81,2341117,1522988784.0,5.18,-2.68,-0.16,1.2,5.82
416,2023-05-15,601728,5.79,5.67,5.81,5.45,4105617,2533647244.0,6.19,-2.58,-0.15,2.1,5.67
417,2023-05-16,601728,5.63,5.54,5.73,5.49,2213182,1365199505.0,4.23,-2.29,-0.13,1.13,5.54
418,2023-05-17,601728,5.48,5.28,5.48,5.17,5343576,3121142824.0,5.6,-4.69,-0.26,2.73,5.28
419,2023-05-18,601728,5.3,5.33,5.41,5.26,2828770,1669839480.0,2.84,0.95,0.05,1.44,5.33
420,2023-05-19,601728,5.27,5.27,5.38,5.18,2198736,1287462842.0,3.75,-1.13,-0.06,1.12,5.27
421,2023-05-22,601728,5.25,5.32,5.39,5.22,1745160,1030426165.0,3.23,0.95,0.05,0.89,5.32
422,2023-05-23,601728,5.31,5.13,5.35,5.12,2420816,1394377853.0,4.32,-3.57,-0.19,1.24,5.13
423,2023-05-24,601728,5.1,5.07,5.17,5.06,1747005,993616404.0,2.14,-1.17,-0.06,0.89,5.07
424,2023-05-25,601728,5.1,5.1,5.14,4.94,2142910,1200781039.0,3.94,0.59,0.03,1.09,5.1
425,2023-05-26,601728,5.09,5.18,5.22,5.01,2581467,1472258546.0,4.12,1.57,0.08,1.32,5.18
426,2023-05-29,601728,5.21,5.24,5.29,5.17,2014453,1169392292.0,2.32,1.16,0.06,1.03,5.24
427,2023-05-30,601728,5.22,5.43,5.44,5.18,2962495,1759429596.0,4.96,3.63,0.19,1.51,5.43
428,2023-05-31,601728,5.4,5.52,5.57,5.36,2234878,1357298034.0,3.87,1.66,0.09,1.14,5.52
429,2023-06-01,601728,5.48,5.61,5.66,5.44,2400159,1474806387.0,3.99,1.63,0.09,1.23,5.61
430,2023-06-02,601728,5.62,5.61,5.69,5.54,1717763,1061646447.0,2.67,0.0,0.0,0.88,5.61
431,2023-06-05,601728,5.58,5.58,5.68,5.56,1748970,1083490889.0,2.14,-0.53,-0.03,0.89,5.58
432,2023-06-06,601728,5.61,5.53,5.67,5.51,1511976,932888883.0,2.87,-0.9,-0.05,0.77,5.53
433,2023-06-07,601728,5.52,5.55,5.59,5.47,1019004,621998384.0,2.17,0.36,0.02,0.52,5.55
434,2023-06-08,601728,5.53,5.6,5.61,5.36,1630500,992613708.0,4.5,0.9,0.05,0.83,5.6
435,2023-06-09,601728,5.6,6.0,6.0,5.55,2540490,1584376474.0,8.04,7.14,0.4,1.3,6.0
436,2023-06-12,601728,5.84,5.79,5.89,5.76,2876512,1810430452.0,2.17,-3.5,-0.21,1.47,5.79
437,2023-06-13,601728,5.76,5.69,5.79,5.59,2238303,1378397791.0,3.45,-1.73,-0.1,1.14,5.69
438,2023-06-14,601728,5.68,5.56,5.69,5.53,2097874,1278257817.0,2.81,-2.28,-0.13,1.07,5.56
439,2023-06-15,601728,5.56,5.5,5.62,5.43,2229481,1336629016.0,3.42,-1.08,-0.06,1.14,5.5
440,2023-06-16,601728,5.49,5.47,5.51,5.43,2361945,1406392759.0,1.45,-0.55,-0.03,1.21,5.47
441,2023-06-19,601728,5.48,5.6,5.63,5.35,3548211,2127193150.0,5.12,2.38,0.13,1.81,5.6
442,2023-06-20,601728,5.57,5.57,5.69,5.51,2280440,1385910640.0,3.21,-0.54,-0.03,1.16,5.57
443,2023-06-21,601728,5.52,5.18,5.52,5.16,3951482,2287624789.0,6.46,-7.0,-0.39,2.02,5.18
444,2023-06-26,601728,5.09,5.16,5.29,5.04,2102654,1193293331.0,4.83,-0.39,-0.02,1.07,5.16
445,2023-06-27,601728,5.17,5.25,5.35,5.12,2459019,1410722994.0,4.46,1.74,0.09,1.26,5.25
446,2023-06-28,601728,5.22,5.13,5.24,5.08,1923475,1082205289.0,3.05,-2.29,-0.12,0.98,5.13
447,2023-06-29,601728,5.11,5.18,5.21,5.11,1509148,853155214.0,1.95,0.97,0.05,0.77,5.18
448,2023-06-30,601728,5.17,5.14,5.23,5.11,1866263,1051356886.0,2.32,-0.77,-0.04,0.95,5.14
449,2023-07-03,601728,5.15,5.25,5.28,5.09,2558169,1453669202.0,3.7,2.14,0.11,1.31,5.25
450,2023-07-04,601728,5.23,5.31,5.34,5.22,1747588,1009417891.0,2.29,1.14,0.06,0.89,5.31
451,2023-07-05,601728,5.34,5.3,5.39,5.27,1281821,744017451.0,2.26,-0.19,-0.01,0.65,5.3
452,2023-07-06,601728,5.29,5.3,5.34,5.26,942573,545859504.0,1.51,0.0,0.0,0.48,5.3
453,2023-07-07,601728,5.27,5.24,5.32,5.19,967998,554468201.0,2.45,-1.13,-0.06,0.49,5.24
454,2023-07-10,601728,5.26,5.24,5.3,5.21,744548,427288754.0,1.72,0.0,0.0,0.38,5.24
455,2023-07-11,601728,5.24,5.21,5.25,5.16,1605210,911575205.0,1.72,-0.57,-0.03,0.82,5.21
456,2023-07-12,601728,5.21,4.98,5.22,4.97,2883608,1604485207.0,4.8,-4.41,-0.23,1.47,4.98
457,2023-07-13,601728,5.03,5.08,5.1,4.99,2265001,1254129012.0,2.21,2.01,0.1,1.16,5.08
458,2023-07-14,601728,5.06,5.42,5.53,5.03,4817545,2810519868.0,9.84,6.69,0.34,2.46,5.42
459,2023-07-17,601728,5.36,5.37,5.5,5.31,2270609,1337063722.0,3.51,-0.92,-0.05,1.16,5.37
460,2023-07-18,601728,5.33,5.29,5.39,5.28,1242219,721495302.0,2.05,-1.49,-0.08,0.63,5.29
461,2023-07-19,601728,5.27,5.35,5.36,5.25,1174967,681133742.0,2.08,1.13,0.06,0.6,5.35
462,2023-07-20,601728,5.34,5.26,5.38,5.24,1147514,664173694.0,2.62,-1.68,-0.09,0.59,5.26
463,2023-07-21,601728,5.26,5.26,5.29,5.21,1123112,645046126.0,1.52,0.0,0.0,0.57,5.26
464,2023-07-24,601728,5.24,5.3,5.38,5.2,1156802,670089406.0,3.42,0.76,0.04,0.59,5.3
465,2023-07-25,601728,5.37,5.33,5.43,5.28,1340241,778698171.0,2.83,0.57,0.03,0.68,5.33
466,2023-07-26,601728,5.33,5.22,5.33,5.2,1254305,718977211.0,2.44,-2.06,-0.11,0.64,5.22
467,2023-07-27,601728,5.22,5.13,5.23,5.1,1283273,725318640.0,2.49,-1.72,-0.09,0.66,5.13
468,2023-07-28,601728,5.11,5.33,5.39,5.09,2261036,1303419904.0,5.85,3.9,0.2,1.15,5.33
469,2023-07-31,601728,5.35,5.19,5.42,5.15,2968273,1705439866.0,5.07,-2.63,-0.14,1.52,5.19
470,2023-08-01,601728,5.21,5.24,5.28,5.17,1241708,710529786.0,2.12,0.96,0.05,0.63,5.24
471,2023-08-02,601728,5.23,5.18,5.23,5.16,1063612,602980807.0,1.34,-1.15,-0.06,0.54,5.18
472,2023-08-03,601728,5.15,5.15,5.2,5.11,1359092,766066773.0,1.74,-0.58,-0.03,0.69,5.15
473,2023-08-04,601728,5.17,5.39,5.5,5.16,4250089,2489057715.0,6.6,4.66,0.24,2.17,5.39
474,2023-08-07,601728,5.32,5.29,5.41,5.27,1632656,946380395.0,2.6,-1.86,-0.1,0.83,5.29
475,2023-08-08,601728,5.28,5.31,5.34,5.26,995361,576557015.0,1.51,0.38,0.02,0.51,5.31
476,2023-08-09,601728,5.34,5.25,5.35,5.24,1254556,723283146.0,2.07,-1.13,-0.06,0.64,5.25
477,2023-08-10,601728,5.26,5.36,5.41,5.25,1638405,956982915.0,3.05,2.1,0.11,0.84,5.36
478,2023-08-11,601728,5.35,5.36,5.61,5.34,3661020,2184304745.0,5.04,0.0,0.0,1.87,5.36
479,2023-08-14,601728,5.32,5.51,5.6,5.28,2827958,1685579410.0,5.97,2.8,0.15,1.44,5.51
480,2023-08-15,601728,5.5,5.45,5.51,5.38,1718812,1019387415.0,2.36,-1.09,-0.06,0.88,5.45
481,2023-08-16,601728,5.44,5.28,5.47,5.21,1675460,971620215.0,4.77,-3.12,-0.17,0.86,5.28
482,2023-08-17,601728,5.23,5.27,5.28,5.15,1204793,688009993.0,2.46,-0.19,-0.01,0.61,5.27
483,2023-08-18,601728,5.26,5.13,5.26,5.13,1334424,757795675.0,2.47,-2.66,-0.14,0.68,5.13
484,2023-08-21,601728,5.13,5.19,5.3,5.11,1360785,777368998.0,3.7,1.17,0.06,0.69,5.19
485,2023-08-22,601728,5.22,5.5,5.51,5.22,3998367,2364084987.0,5.59,5.97,0.31,2.04,5.5
486,2023-08-23,601728,5.44,5.44,5.58,5.43,2009064,1202114684.0,2.73,-1.09,-0.06,1.03,5.44
487,2023-08-24,601728,5.47,5.31,5.51,5.28,1965495,1148367238.0,4.23,-2.39,-0.13,1.0,5.31
488,2023-08-25,601728,5.26,5.3,5.39,5.2,1675282,969487135.0,3.58,-0.19,-0.01,0.86,5.3
489,2023-08-28,601728,5.59,5.46,5.63,5.38,2151589,1281965077.0,4.72,3.02,0.16,1.1,5.46
490,2023-08-29,601728,5.41,5.52,5.57,5.4,1998882,1197699130.0,3.11,1.1,0.06,1.02,5.52
491,2023-08-30,601728,5.52,5.44,5.58,5.41,1740971,1039213935.0,3.08,-1.45,-0.08,0.89,5.44
492,2023-08-31,601728,5.47,5.41,5.5,5.33,1541411,887601521.0,3.13,-0.55,-0.03,0.79,5.41
493,2023-09-01,601728,5.42,5.37,5.44,5.31,1134000,648041286.0,2.4,-0.74,-0.04,0.58,5.37
494,2023-09-04,601728,5.4,5.56,5.58,5.36,2230573,1308432579.0,4.1,3.54,0.19,1.14,5.56
495,2023-09-05,601728,5.53,5.44,5.58,5.43,1215572,709467320.0,2.7,-2.16,-0.12,0.62,5.44
496,2023-09-06,601728,5.43,5.48,5.49,5.37,906061,524567758.0,2.21,0.74,0.04,0.46,5.48
497,2023-09-07,601728,5.47,5.5,5.57,5.44,1216109,713040926.0,2.37,0.36,0.02,0.62,5.5
498,2023-09-08,601728,5.49,5.56,5.59,5.42,1392467,817906820.0,3.09,1.09,0.06,0.71,5.56
499,2023-09-11,601728,5.57,5.56,5.6,5.5,1205378,710233407.0,1.8,0.0,0.0,0.62,5.56
500,2023-09-12,601728,5.53,5.65,5.67,5.51,1710641,1018073236.0,2.88,1.62,0.09,0.87,5.65
501,2023-09-13,601728,5.64,5.67,5.71,5.59,1925983,1155477832.0,2.12,0.35,0.02,0.98,5.67
502,2023-09-14,601728,5.65,5.85,5.89,5.63,2565531,1581675938.0,4.59,3.17,0.18,1.31,5.85
503,2023-09-15,601728,5.84,5.79,5.91,5.77,1778058,1097063428.0,2.39,-1.03,-0.06,0.91,5.79
504,2023-09-18,601728,5.76,5.66,5.77,5.63,1547867,931969326.0,2.42,-2.25,-0.13,0.79,5.66
505,2023-09-19,601728,5.64,5.68,5.72,5.63,889427,536468220.0,1.59,0.35,0.02,0.45,5.68
506,2023-09-20,601728,5.66,5.6,5.71,5.6,981965,587881994.0,1.94,-1.41,-0.08,0.5,5.6
507,2023-09-21,601728,5.58,5.65,5.67,5.56,960051,573219629.0,1.96,0.89,0.05,0.49,5.65
508,2023-09-22,601728,5.63,5.69,5.7,5.6,1118220,670412152.0,1.77,0.71,0.04,0.57,5.69
509,2023-09-25,601728,5.67,5.63,5.68,5.59,729748,435689950.0,1.58,-1.05,-0.06,0.37,5.63
510,2023-09-26,601728,5.62,5.48,5.63,5.45,1545782,906324216.0,3.2,-2.66,-0.15,0.79,5.48
511,2023-09-27,601728,5.47,5.51,5.53,5.46,989052,577997632.0,1.28,0.55,0.03,0.5,5.51
512,2023-09-28,601728,5.52,5.44,5.53,5.42,1379111,799315457.0,2.0,-1.27,-0.07,0.7,5.44
513,2023-10-09,601728,5.43,5.51,5.55,5.37,1722730,1003471834.0,3.31,1.29,0.07,0.88,5.51
514,2023-10-10,601728,5.5,5.48,5.54,5.44,944656,550318284.0,1.81,-0.54,-0.03,0.48,5.48
515,2023-10-11,601728,5.46,5.44,5.52,5.43,785795,456900126.0,1.64,-0.73,-0.04,0.4,5.44
516,2023-10-12,601728,5.48,5.55,5.62,5.44,1675518,987111929.0,3.31,2.02,0.11,0.86,5.55
517,2023-10-13,601728,5.5,5.55,5.59,5.46,1068291,629453198.0,2.34,0.0,0.0,0.55,5.55
518,2023-10-16,601728,5.55,5.6,5.63,5.5,1261295,748808394.0,2.34,0.9,0.05,0.64,5.6
519,2023-10-17,601728,5.59,5.76,5.83,5.58,1937417,1179285999.0,4.46,2.86,0.16,0.99,5.76
520,2023-10-18,601728,5.72,5.77,5.79,5.68,1365081,833297255.0,1.91,0.17,0.01,0.7,5.77
521,2023-10-19,601728,5.74,5.62,5.79,5.61,1055535,636345560.0,3.12,-2.6,-0.15,0.54,5.62
522,2023-10-20,601728,5.6,5.39,5.61,5.36,1677057,971955906.0,4.45,-4.09,-0.23,0.86,5.39
523,2023-10-23,601728,5.39,5.33,5.43,5.26,1172629,667327899.0,3.15,-1.11,-0.06,0.6,5.33
524,2023-10-24,601728,5.34,5.24,5.36,5.18,1667256,934081510.0,3.38,-1.69,-0.09,0.85,5.24
525,2023-10-25,601728,5.26,5.05,5.28,5.0,2675487,1459072872.0,5.34,-3.63,-0.19,1.37,5.05
526,2023-10-26,601728,5.01,5.07,5.08,4.96,1279930,688954578.0,2.38,0.4,0.02,0.65,5.07
527,2023-10-27,601728,5.03,5.07,5.1,5.02,1364565,738523299.0,1.58,0.0,0.0,0.7,5.07
528,2023-10-30,601728,5.06,4.96,5.07,4.85,2100098,1111411410.0,4.34,-2.17,-0.11,1.07,4.96
529,2023-10-31,601728,4.93,4.98,5.03,4.91,1462716,779674162.0,2.42,0.4,0.02,0.75,4.98
530,2023-11-01,601728,4.98,4.97,4.99,4.92,985192,522594515.0,1.41,-0.2,-0.01,0.5,4.97
531,2023-11-02,601728,4.97,4.98,5.03,4.97,880022,470192381.0,1.21,0.2,0.01,0.45,4.98
532,2023-11-03,601728,4.97,4.99,5.01,4.95,995549,530628875.0,1.2,0.2,0.01,0.51,4.99
533,2023-11-06,601728,5.0,4.93,5.02,4.88,2450988,1290100682.0,2.81,-1.2,-0.06,1.25,4.93
534,2023-11-07,601728,4.92,4.91,4.93,4.87,1457559,764885625.0,1.22,-0.41,-0.02,0.74,4.91
535,2023-11-08,601728,4.89,4.89,4.9,4.86,1239790,648816482.0,0.81,-0.41,-0.02,0.63,4.89
536,2023-11-09,601728,4.89,4.91,4.92,4.88,1070003,561742189.0,0.82,0.41,0.02,0.55,4.91
537,2023-11-10,601728,4.9,4.88,4.92,4.85,996772,521624613.0,1.43,-0.61,-0.03,0.51,4.88
538,2023-11-13,601728,4.9,4.93,4.93,4.86,1221079,641790471.0,1.43,1.02,0.05,0.62,4.93
539,2023-11-14,601728,4.92,4.92,4.95,4.9,914756,481688290.0,1.01,-0.2,-0.01,0.47,4.92
540,2023-11-15,601728,4.94,4.89,4.95,4.88,1117751,586796957.0,1.42,-0.61,-0.03,0.57,4.89
541,2023-11-16,601728,4.89,4.78,4.89,4.77,1974881,1019034782.0,2.45,-2.25,-0.11,1.01,4.78
542,2023-11-17,601728,4.75,4.71,4.75,4.64,2357690,1184230768.0,2.3,-1.46,-0.07,1.2,4.71
543,2023-11-20,601728,4.69,4.71,4.73,4.65,1149525,581113815.0,1.7,0.0,0.0,0.59,4.71
544,2023-11-21,601728,4.71,4.71,4.75,4.7,1152587,585096563.0,1.06,0.0,0.0,0.59,4.71
545,2023-11-22,601728,4.71,4.82,4.9,4.7,2470641,1277838575.0,4.25,2.34,0.11,1.26,4.82
546,2023-11-23,601728,4.81,4.83,4.84,4.77,961240,495490397.0,1.45,0.21,0.01,0.49,4.83
547,2023-11-24,601728,4.83,4.81,4.86,4.8,873077,451864431.0,1.24,-0.41,-0.02,0.45,4.81
548,2023-11-27,601728,4.81,4.75,4.82,4.7,879094,447900266.0,2.49,-1.25,-0.06,0.45,4.75
549,2023-11-28,601728,4.73,4.72,4.75,4.71,729604,370220072.0,0.84,-0.63,-0.03,0.37,4.72
550,2023-11-29,601728,4.72,4.73,4.76,4.67,1093086,554383016.0,1.91,0.21,0.01,0.56,4.73
551,2023-11-30,601728,4.73,4.84,4.88,4.71,1582668,819981642.0,3.59,2.33,0.11,0.81,4.84
552,2023-12-01,601728,4.83,4.92,4.94,4.79,1751625,916651880.0,3.1,1.65,0.08,0.89,4.92
553,2023-12-04,601728,4.93,4.89,4.94,4.88,807631,424555297.0,1.22,-0.61,-0.03,0.41,4.89
554,2023-12-05,601728,4.88,4.82,4.91,4.82,845768,441836882.0,1.84,-1.43,-0.07,0.43,4.82
555,2023-12-06,601728,4.82,4.77,4.83,4.73,842322,430541052.0,2.07,-1.04,-0.05,0.43,4.77
556,2023-12-07,601728,4.75,4.71,4.77,4.69,1224724,621558620.0,1.68,-1.26,-0.06,0.63,4.71
557,2023-12-08,601728,4.72,4.81,4.83,4.71,1277911,656010585.0,2.55,2.12,0.1,0.65,4.81
558,2023-12-11,601728,4.8,4.84,4.85,4.73,1066752,548413815.0,2.49,0.62,0.03,0.54,4.84
559,2023-12-12,601728,4.82,4.9,4.93,4.81,1198683,629185745.0,2.48,1.24,0.06,0.61,4.9
560,2023-12-13,601728,4.9,4.83,4.91,4.83,621342,323506893.0,1.63,-1.43,-0.07,0.32,4.83
561,2023-12-14,601728,4.84,4.82,4.91,4.82,655436,341075587.0,1.86,-0.21,-0.01,0.33,4.82
562,2023-12-15,601728,4.82,4.81,4.87,4.79,704158,363907410.0,1.66,-0.21,-0.01,0.36,4.81
563,2023-12-18,601728,4.81,4.78,4.82,4.76,664983,341496788.0,1.25,-0.62,-0.03,0.34,4.78
564,2023-12-19,601728,4.77,4.84,4.84,4.76,814257,420517481.0,1.67,1.26,0.06,0.42,4.84
565,2023-12-20,601728,4.83,4.78,4.85,4.77,682709,352920710.0,1.65,-1.24,-0.06,0.35,4.78
566,2023-12-21,601728,4.76,4.81,4.83,4.75,702565,361875263.0,1.67,0.63,0.03,0.36,4.81
567,2023-12-22,601728,4.81,4.83,4.87,4.79,993362,515218412.0,1.66,0.42,0.02,0.51,4.83
568,2023-12-25,601728,4.84,4.8,4.85,4.79,610534,314773276.0,1.24,-0.62,-0.03,0.31,4.8
569,2023-12-26,601728,4.8,4.86,4.92,4.79,1011660,526548138.0,2.71,1.25,0.06,0.52,4.86
570,2023-12-27,601728,4.86,5.0,5.02,4.85,2081411,1104821147.0,3.5,2.88,0.14,1.06,5.0
571,2023-12-28,601728,5.0,5.0,5.09,4.95,1661507,890744673.0,2.8,0.0,0.0,0.85,5.0
572,2023-12-29,601728,4.97,5.06,5.07,4.95,1417164,760851150.0,2.4,1.2,0.06,0.72,5.06
573,2024-01-02,601728,5.05,5.02,5.07,5.01,895780,482458585.0,1.19,-0.79,-0.04,0.46,5.02
574,2024-01-03,601728,5.0,5.04,5.06,5.0,716452,385632219.0,1.2,0.4,0.02,0.37,5.04
575,2024-01-04,601728,5.03,4.99,5.07,4.92,1150212,613212812.0,2.98,-0.99,-0.05,0.59,4.99
576,2024-01-05,601728,4.98,4.99,5.03,4.95,949007,506470096.0,1.6,0.0,0.0,0.48,4.99
577,2024-01-08,601728,4.96,5.0,5.04,4.94,1249237,668014732.0,2.0,0.2,0.01,0.64,5.0
578,2024-01-09,601728,4.99,4.94,5.0,4.91,1081313,572260219.0,1.8,-1.2,-0.06,0.55,4.94
579,2024-01-10,601728,4.93,4.84,4.94,4.82,957237,500023327.0,2.43,-2.02,-0.1,0.49,4.84
580,2024-01-11,601728,4.82,4.76,4.83,4.68,1336255,681142217.0,3.1,-1.65,-0.08,0.68,4.76
581,2024-01-12,601728,4.73,4.76,4.79,4.73,600712,307182489.0,1.26,0.0,0.0,0.31,4.76
582,2024-01-15,601728,4.75,4.88,4.94,4.75,1122387,586638074.0,3.99,2.52,0.12,0.57,4.88
583,2024-01-16,601728,4.9,4.9,4.9,4.81,1006414,524512140.0,1.84,0.41,0.02,0.51,4.9
584,2024-01-17,601728,4.88,4.85,4.95,4.85,1000819,526558734.0,2.04,-1.02,-0.05,0.51,4.85
585,2024-01-18,601728,4.83,4.93,4.95,4.72,1469771,760092248.0,4.74,1.65,0.08,0.75,4.93
586,2024-01-19,601728,4.92,4.94,4.97,4.87,1104278,582352281.0,2.03,0.2,0.01,0.56,4.94
587,2024-01-22,601728,4.93,4.96,5.01,4.9,1949776,1037694417.0,2.23,0.4,0.02,1.0,4.96
588,2024-01-23,601728,4.92,4.9,4.95,4.82,1065567,558270077.0,2.62,-1.21,-0.06,0.54,4.9
589,2024-01-24,601728,4.9,5.04,5.05,4.89,1305154,696620803.0,3.27,2.86,0.14,0.67,5.04
590,2024-01-25,601728,5.06,5.42,5.43,5.04,3484620,1968188167.0,7.74,7.54,0.38,1.78,5.42
591,2024-01-26,601728,5.33,5.4,5.45,5.25,2328870,1327509976.0,3.69,-0.37,-0.02,1.19,5.4
592,2024-01-29,601728,5.38,5.44,5.63,5.35,2327680,1361168660.0,5.19,0.74,0.04,1.19,5.44
593,2024-01-30,601728,5.41,5.44,5.55,5.39,1516609,884345330.0,2.94,0.0,0.0,0.77,5.44
594,2024-01-31,601728,5.4,5.4,5.49,5.31,1639864,944468338.0,3.31,-0.74,-0.04,0.84,5.4
595,2024-02-01,601728,5.35,5.36,5.45,5.33,1160017,665901544.0,2.22,-0.74,-0.04,0.59,5.36
596,2024-02-02,601728,5.36,5.48,5.5,5.15,1928485,1108507556.0,6.53,2.24,0.12,0.98,5.48
597,2024-02-05,601728,5.4,5.52,5.55,5.38,1988113,1161746582.0,3.1,0.73,0.04,1.01,5.52
598,2024-02-06,601728,5.49,5.5,5.58,5.42,1777656,1040880380.0,2.9,-0.36,-0.02,0.91,5.5
599,2024-02-07,601728,5.5,5.52,5.53,5.33,2202964,1276379021.0,3.64,0.36,0.02,1.12,5.52
600,2024-02-08,601728,5.5,5.49,5.52,5.38,1765909,1022821581.0,2.54,-0.54,-0.03,0.9,5.49
601,2024-02-19,601728,5.47,5.65,5.65,5.34,2472156,1450199766.0,5.65,2.91,0.16,1.26,5.65
602,2024-02-20,601728,5.61,5.67,5.77,5.58,1926782,1161572549.0,3.36,0.35,0.02,0.98,5.67
603,2024-02-21,601728,5.63,5.63,5.74,5.61,1556892,936088680.0,2.29,-0.71,-0.04,0.79,5.63
604,2024-02-22,601728,5.77,5.8,5.88,5.74,2177486,1338655051.0,2.49,3.02,0.17,1.11,5.8
605,2024-02-23,601728,5.79,5.68,5.82,5.65,2097740,1270404534.0,2.93,-2.07,-0.12,1.07,5.68
606,2024-02-26,601728,5.68,5.5,5.68,5.48,2218908,1309410136.0,3.52,-3.17,-0.18,1.13,5.5
607,2024-02-27,601728,5.46,5.54,5.59,5.43,1659251,973915861.0,2.91,0.73,0.04,0.85,5.54
608,2024-02-28,601728,5.52,5.48,5.57,5.43,1965973,1148539687.0,2.53,-1.08,-0.06,1.0,5.48
609,2024-02-29,601728,5.45,5.5,5.52,5.44,1472803,859128735.0,1.46,0.36,0.02,0.75,5.5
610,2024-03-01,601728,5.49,5.51,5.54,5.46,1430413,836363772.0,1.45,0.18,0.01,0.73,5.51
611,2024-03-04,601728,5.5,5.6,5.61,5.48,1908795,1129205673.0,2.36,1.63,0.09,0.97,5.6
612,2024-03-05,601728,5.6,5.59,5.66,5.56,1558021,927694295.0,1.79,-0.18,-0.01,0.8,5.59
613,2024-03-06,601728,5.59,5.57,5.61,5.53,1181885,700349900.0,1.43,-0.36,-0.02,0.6,5.57
614,2024-03-07,601728,5.55,5.46,5.56,5.45,1360660,795476222.0,1.97,-1.97,-0.11,0.69,5.46
615,2024-03-08,601728,5.45,5.6,5.6,5.45,1351232,795437855.0,2.75,2.56,0.14,0.69,5.6
616,2024-03-11,601728,5.57,5.53,5.61,5.48,1175033,690170042.0,2.32,-1.25,-0.07,0.6,5.53
617,2024-03-12,601728,5.55,5.33,5.57,5.32,2401999,1381309807.0,4.52,-3.62,-0.2,1.23,5.33
618,2024-03-13,601728,5.31,5.27,5.33,5.2,1549282,869592495.0,2.44,-1.13,-0.06,0.79,5.27
619,2024-03-14,601728,5.26,5.29,5.32,5.24,980580,552085722.0,1.52,0.38,0.02,0.5,5.29
620,2024-03-15,601728,5.27,5.29,5.29,5.22,865356,484534840.0,1.32,0.0,0.0,0.44,5.29
621,2024-03-18,601728,5.28,5.37,5.39,5.28,1219797,695065299.0,2.08,1.51,0.08,0.62,5.37
622,2024-03-19,601728,5.35,5.36,5.4,5.34,1010853,578394574.0,1.12,-0.19,-0.01,0.52,5.36
623,2024-03-20,601728,5.36,5.46,5.48,5.35,1331749,770992242.0,2.43,1.87,0.1,0.68,5.46
624,2024-03-21,601728,5.45,5.42,5.47,5.42,725430,420032088.0,0.92,-0.73,-0.04,0.37,5.42
625,2024-03-22,601728,5.43,5.47,5.49,5.38,1093377,634089685.0,2.03,0.92,0.05,0.56,5.47
626,2024-03-25,601728,5.46,5.5,5.55,5.44,1064156,623545712.0,2.01,0.55,0.03,0.54,5.5
627,2024-03-26,601728,5.47,5.52,5.55,5.46,786572,460081199.0,1.64,0.36,0.02,0.4,5.52
628,2024-03-27,601728,5.53,5.59,5.65,5.49,1738345,1031852921.0,2.9,1.27,0.07,0.89,5.59
629,2024-03-28,601728,5.58,5.63,5.67,5.56,1441131,859953355.0,1.97,0.72,0.04,0.74,5.63
630,2024-03-29,601728,5.6,5.73,5.73,5.6,1335631,806194062.0,2.31,1.78,0.1,0.68,5.73
631,2024-04-01,601728,5.75,5.67,5.78,5.62,1361156,822838746.0,2.79,-1.05,-0.06,0.69,5.67
632,2024-04-02,601728,5.65,5.66,5.69,5.6,887787,531614856.0,1.59,-0.18,-0.01,0.45,5.66
633,2024-04-03,601728,5.63,5.65,5.67,5.62,601861,360776565.0,0.88,-0.18,-0.01,0.31,5.65
634,2024-04-08,601728,5.64,5.69,5.76,5.61,839595,507627432.0,2.65,0.71,0.04,0.43,5.69
635,2024-04-09,601728,5.67,5.58,5.71,5.56,848098,505690135.0,2.64,-1.93,-0.11,0.43,5.58
636,2024-04-10,601728,5.58,5.6,5.65,5.56,710364,422864032.0,1.61,0.36,0.02,0.36,5.6
637,2024-04-11,601728,5.57,5.6,5.66,5.57,620554,370517519.0,1.61,0.0,0.0,0.32,5.6
638,2024-04-12,601728,5.59,5.61,5.7,5.59,768449,460986513.0,1.96,0.18,0.01,0.39,5.61
639,2024-04-15,601728,5.62,5.79,5.79,5.57,1714074,1040069879.0,3.92,3.21,0.18,0.87,5.79
640,2024-04-16,601728,5.76,5.79,5.84,5.73,1410355,865841296.0,1.9,0.0,0.0,0.72,5.79
641,2024-04-17,601728,5.77,5.98,6.03,5.7,1909555,1185918425.0,5.7,3.28,0.19,0.97,5.98
642,2024-04-18,601728,5.92,5.86,6.08,5.83,1832251,1153198513.0,4.18,-2.01,-0.12,0.94,5.86
643,2024-04-19,601728,5.85,5.9,5.93,5.83,1037356,646792398.0,1.71,0.68,0.04,0.53,5.9
644,2024-04-22,601728,5.88,5.89,6.0,5.86,1205217,754886587.0,2.37,-0.17,-0.01,0.62,5.89
645,2024-04-23,601728,5.89,5.75,5.92,5.72,1068922,658315710.0,3.4,-2.38,-0.14,0.55,5.75
646,2024-04-24,601728,5.77,5.74,5.78,5.64,1233027,746183606.0,2.43,-0.17,-0.01,0.63,5.74
647,2024-04-25,601728,5.73,5.74,5.75,5.65,812430,491634190.0,1.74,0.0,0.0,0.41,5.74
648,2024-04-26,601728,5.72,5.73,5.79,5.7,1168880,713076640.0,1.57,-0.17,-0.01,0.6,5.73
649,2024-04-29,601728,5.73,5.62,5.73,5.61,1893651,1133006078.0,2.09,-1.92,-0.11,0.97,5.62
650,2024-04-30,601728,5.63,5.65,5.73,5.62,1333311,803485311.0,1.96,0.53,0.03,0.68,5.65
651,2024-05-06,601728,5.64,5.54,5.67,5.52,2521143,1487179883.0,2.65,-1.95,-0.11,1.29,5.54
652,2024-05-07,601728,5.56,5.55,5.57,5.51,1312794,773246910.0,1.08,0.18,0.01,0.67,5.55
653,2024-05-08,601728,5.55,5.61,5.63,5.52,1411029,837853916.0,1.98,1.08,0.06,0.72,5.61
654,2024-05-09,601728,5.6,5.58,5.63,5.55,1285352,762603420.0,1.43,-0.53,-0.03,0.66,5.58
655,2024-05-10,601728,5.57,5.64,5.66,5.55,2068689,1235910726.0,1.97,1.08,0.06,1.06,5.64
656,2024-05-13,601728,5.6,5.59,5.62,5.55,1479484,876706163.0,1.24,-0.89,-0.05,0.76,5.59
657,2024-05-14,601728,5.58,5.57,5.59,5.53,1082556,640020135.0,1.07,-0.36,-0.02,0.55,5.57
658,2024-05-15,601728,5.57,5.52,5.58,5.52,898822,529609434.0,1.08,-0.9,-0.05,0.46,5.52
659,2024-05-16,601728,5.52,5.48,5.54,5.46,1458563,850051816.0,1.45,-0.72,-0.04,0.74,5.48
660,2024-05-17,601728,5.47,5.54,5.55,5.46,1272360,745992226.0,1.64,1.09,0.06,0.65,5.54
661,2024-05-20,601728,5.54,5.56,5.59,5.48,1612571,948365462.0,1.99,0.36,0.02,0.82,5.56
662,2024-05-21,601728,5.54,5.59,5.6,5.53,1013370,600977684.0,1.26,0.54,0.03,0.52,5.59
663,2024-05-22,601728,5.59,5.63,5.65,5.58,1010970,603882199.0,1.25,0.72,0.04,0.52,5.63
664,2024-05-23,601728,5.6,5.6,5.63,5.56,934557,555756684.0,1.24,-0.53,-0.03,0.48,5.6
665,2024-05-24,601728,5.58,5.59,5.65,5.57,827302,493954537.0,1.43,-0.18,-0.01,0.42,5.59
666,2024-05-27,601728,5.59,5.69,5.71,5.58,1335765,804016627.0,2.33,1.79,0.1,0.68,5.69
667,2024-05-28,601728,5.69,5.6,5.7,5.6,932994,559536941.0,1.76,-1.58,-0.09,0.48,5.6
668,2024-05-29,601728,5.6,5.56,5.62,5.52,850874,502286438.0,1.79,-0.71,-0.04,0.43,5.56
669,2024-05-30,601728,5.55,5.58,5.63,5.54,705094,419242831.0,1.62,0.36,0.02,0.36,5.58
670,2024-05-31,601728,5.58,5.59,5.62,5.56,484828,287947419.0,1.08,0.18,0.01,0.25,5.59
671,2024-06-03,601728,5.57,5.6,5.64,5.56,845787,503371261.0,1.43,0.18,0.01,0.43,5.6
672,2024-06-04,601728,5.6,5.58,5.6,5.54,688015,407486458.0,1.07,-0.36,-0.02,0.35,5.58
673,2024-06-05,601728,5.57,5.52,5.58,5.52,633857,373951041.0,1.08,-1.08,-0.06,0.32,5.52
674,2024-06-06,601728,5.52,5.55,5.58,5.5,748913,441214783.0,1.45,0.54,0.03,0.38,5.55
675,2024-06-07,601728,5.55,5.62,5.63,5.51,1011431,600598804.0,2.16,1.26,0.07,0.52,5.62
676,2024-06-11,601728,5.62,5.49,5.67,5.46,1564163,921151654.0,3.74,-2.31,-0.13,0.8,5.49
677,2024-06-12,601728,5.48,5.47,5.49,5.39,1043861,604238143.0,1.82,-0.36,-0.02,0.53,5.47
678,2024-06-13,601728,5.49,5.51,5.51,5.45,704978,405379477.0,1.1,0.73,0.04,0.36,5.51
679,2024-06-14,601728,5.51,5.47,5.56,5.45,970290,559019925.0,2.0,-0.73,-0.04,0.5,5.47
680,2024-06-17,601728,5.45,5.42,5.5,5.41,851887,487020799.0,1.65,-0.91,-0.05,0.43,5.42
681,2024-06-18,601728,5.42,5.44,5.45,5.37,834290,473411586.0,1.48,0.37,0.02,0.43,5.44
682,2024-06-19,601728,5.45,5.52,5.53,5.43,1012401,581723646.0,1.84,1.47,0.08,0.52,5.52
683,2024-06-20,601728,5.5,5.5,5.52,5.44,869475,499581357.0,1.45,-0.36,-0.02,0.44,5.5
684,2024-06-21,601728,5.48,5.56,5.57,5.47,909206,527363066.0,1.82,1.09,0.06,0.46,5.56
685,2024-06-24,601728,5.57,5.56,5.61,5.54,1097632,640829728.0,1.26,0.0,0.0,0.56,5.56
686,2024-06-25,601728,5.56,5.58,5.61,5.54,1051426,613998920.0,1.26,0.36,0.02,0.54,5.58
687,2024-06-26,601728,5.56,5.59,5.61,5.51,833764,485878939.0,1.79,0.18,0.01,0.43,5.59
688,2024-06-27,601728,5.58,5.72,5.74,5.57,1888352,1119650481.0,3.04,2.33,0.13,0.96,5.72
689,2024-06-28,601728,5.7,5.89,5.9,5.7,1710171,1039873791.0,3.5,2.97,0.17,0.87,5.89
690,2024-07-01,601728,5.87,5.84,5.92,5.8,1207285,737926935.0,2.04,-0.85,-0.05,0.62,5.84
691,2024-07-02,601728,5.82,5.89,5.94,5.81,1089770,671096349.0,2.23,0.86,0.05,0.56,5.89
692,2024-07-03,601728,5.91,5.93,5.95,5.84,1097929,677129593.0,1.87,0.68,0.04,0.56,5.93
693,2024-07-04,601728,5.94,5.91,5.96,5.85,1086732,669888100.0,1.85,-0.34,-0.02,0.55,5.91
694,2024-07-05,601728,5.89,5.92,5.96,5.81,1194683,735096875.0,2.54,0.17,0.01,0.61,5.92
695,2024-07-08,601728,5.9,5.97,6.01,5.9,929575,579749594.0,1.86,0.84,0.05,0.47,5.97
696,2024-07-09,601728,5.97,6.01,6.04,5.91,925323,578842082.0,2.18,0.67,0.04,0.47,6.01
697,2024-07-10,601728,6.0,5.95,6.07,5.92,843974,525851766.0,2.5,-1.0,-0.06,0.43,5.95
698,2024-07-11,601728,5.95,5.91,5.98,5.86,1305530,806166702.0,2.02,-0.67,-0.04,0.67,5.91
699,2024-07-12,601728,5.88,6.0,6.02,5.88,1024239,637959422.0,2.37,1.52,0.09,0.52,6.0
700,2024-07-15,601728,6.0,6.03,6.09,5.99,968725,611167388.0,1.67,0.5,0.03,0.49,6.03
701,2024-07-16,601728,6.03,6.09,6.09,6.0,784056,495772931.0,1.49,1.0,0.06,0.4,6.09
702,2024-07-17,601728,6.07,5.94,6.1,5.9,1045376,651805832.0,3.28,-2.46,-0.15,0.53,5.94
703,2024-07-18,601728,5.92,6.07,6.09,5.92,1102607,693240920.0,2.86,2.19,0.13,0.56,6.07
704,2024-07-19,601728,6.06,6.12,6.16,6.01,1329194,842806282.0,2.47,0.82,0.05,0.68,6.12
705,2024-07-22,601728,6.12,6.06,6.15,5.97,1246355,785836987.0,2.94,-0.98,-0.06,0.64,6.06
706,2024-07-23,601728,6.05,6.06,6.14,6.02,999654,634125685.0,1.98,0.0,0.0,0.51,6.06
707,2024-07-24,601728,6.05,6.14,6.17,6.04,1134636,723364161.0,2.15,1.32,0.08,0.58,6.14
708,2024-07-25,601728,6.13,6.03,6.15,5.98,923420,581504811.0,2.77,-1.79,-0.11,0.47,6.03
709,2024-07-26,601728,5.99,5.76,6.01,5.66,2058806,1240630482.0,5.8,-4.48,-0.27,1.05,5.76
710,2024-07-29,601728,5.76,5.79,5.81,5.69,1102361,663291710.0,2.08,0.52,0.03,0.56,5.79
711,2024-07-30,601728,5.78,5.9,5.92,5.77,1090315,667164996.0,2.59,1.9,0.11,0.56,5.9
712,2024-07-31,601728,5.9,5.76,5.94,5.74,1527222,921497318.0,3.39,-2.37,-0.14,0.78,5.76
713,2024-08-01,601728,5.76,5.77,5.82,5.74,937006,565699180.0,1.39,0.17,0.01,0.48,5.77
714,2024-08-02,601728,5.74,5.8,5.81,5.72,859863,519262094.0,1.56,0.52,0.03,0.44,5.8
715,2024-08-05,601728,5.76,5.71,5.77,5.69,1070297,640486552.0,1.38,-1.55,-0.09,0.55,5.71
716,2024-08-06,601728,5.71,5.7,5.76,5.6,900577,533183088.0,2.8,-0.18,-0.01,0.46,5.7
717,2024-08-07,601728,5.69,5.65,5.78,5.63,865017,514147388.0,2.63,-0.88,-0.05,0.44,5.65
718,2024-08-08,601728,5.64,5.63,5.68,5.62,618830,365575843.0,1.06,-0.35,-0.02,0.32,5.63
719,2024-08-09,601728,5.64,5.52,5.65,5.5,1389518,807246358.0,2.66,-1.95,-0.11,0.71,5.52
720,2024-08-12,601728,5.49,5.43,5.51,5.42,852764,486570773.0,1.63,-1.63,-0.09,0.44,5.43
721,2024-08-13,601728,5.44,5.47,5.48,5.43,689888,394066784.0,0.92,0.74,0.04,0.35,5.47
722,2024-08-14,601728,5.47,5.54,5.57,5.47,944962,547938822.0,1.83,1.28,0.07,0.48,5.54
723,2024-08-15,601728,5.54,5.65,5.67,5.52,924272,544831223.0,2.71,1.99,0.11,0.47,5.65
724,2024-08-16,601728,5.64,5.72,5.74,5.63,865124,516252164.0,1.95,1.24,0.07,0.44,5.72
725,2024-08-19,601728,5.72,5.77,5.79,5.7,713697,429519233.0,1.57,0.87,0.05,0.36,5.77
726,2024-08-20,601728,5.78,5.78,5.86,5.74,916115,554387183.0,2.08,0.17,0.01,0.45,5.78
727,2024-08-21,601728,5.8,5.92,5.93,5.77,1342611,822949584.0,2.77,2.42,0.14,0.66,5.92
728,2024-08-22,601728,5.91,5.97,6.04,5.9,1220995,762040990.0,2.36,0.84,0.05,0.6,5.97
729,2024-08-23,601728,5.96,5.96,6.03,5.91,1021298,635826490.0,2.01,-0.17,-0.01,0.5,5.96
730,2024-08-26,601728,5.97,5.98,6.01,5.9,878661,546769206.0,1.85,0.34,0.02,0.43,5.98
731,2024-08-27,601728,5.95,6.06,6.08,5.94,1081441,681193892.0,2.34,1.34,0.08,0.53,6.06
732,2024-08-28,601728,6.06,5.96,6.1,5.93,1106740,691575418.0,2.81,-1.65,-0.1,0.55,5.96
733,2024-08-29,601728,5.93,5.92,6.03,5.84,1026454,635119221.0,3.19,-0.67,-0.04,0.51,5.92
734,2024-08-30,601728,5.92,5.84,5.96,5.8,1303258,794231345.0,2.7,-1.35,-0.08,0.64,5.84
735,2024-09-02,601728,5.81,5.93,5.96,5.79,1095765,675145675.0,2.91,1.54,0.09,0.54,5.93
736,2024-09-03,601728,5.91,5.97,5.99,5.86,866343,536966967.0,2.19,0.67,0.04,0.43,5.97
737,2024-09-04,601728,5.94,5.97,6.05,5.93,718302,449592328.0,2.01,0.0,0.0,0.35,5.97
738,2024-09-05,601728,5.99,5.9,5.99,5.82,826578,509658348.0,2.85,-1.17,-0.07,0.41,5.9
739,2024-09-06,601728,5.93,5.84,6.0,5.83,727919,448284773.0,2.88,-1.02,-0.06,0.36,5.84
740,2024-09-09,601728,5.87,5.9,5.91,5.78,948929,580546820.0,2.23,1.03,0.06,0.47,5.9
741,2024-09-10,601728,5.88,5.93,5.97,5.86,891184,551516392.0,1.86,0.51,0.03,0.44,5.93
742,2024-09-11,601728,5.92,5.96,5.99,5.86,825230,496631118.0,2.19,0.51,0.03,0.41,5.96
743,2024-09-12,601728,5.92,5.79,5.95,5.78,743190,440352588.0,2.85,-2.85,-0.17,0.37,5.79
744,2024-09-13,601728,5.81,5.86,5.96,5.79,713450,427104428.0,2.94,1.21,0.07,0.35,5.86
745,2024-09-18,601728,5.84,5.84,5.96,5.84,733692,439205925.0,2.05,-0.34,-0.02,0.36,5.84
746,2024-09-19,601728,5.87,5.78,5.88,5.76,902410,531283423.0,2.05,-1.03,-0.06,0.45,5.78
747,2024-09-20,601728,5.78,5.93,5.94,5.78,988340,587582384.0,2.77,2.6,0.15,0.49,5.93
748,2024-09-23,601728,5.89,5.97,6.01,5.86,625261,377330172.0,2.53,0.67,0.04,0.31,5.97
749,2024-09-24,601728,5.97,6.16,6.17,5.93,1152409,708549835.0,4.02,3.18,0.19,0.57,6.16
750,2024-09-25,601728,6.18,6.1,6.36,6.05,1851213,1156429919.0,5.03,-0.97,-0.06,0.91,6.1
751,2024-09-26,601728,6.07,6.28,6.28,5.95,2485646,1540516283.0,5.41,2.95,0.18,1.23,6.28
752,2024-09-27,601728,6.19,6.24,6.26,6.12,2052804,1286796049.0,2.23,-0.64,-0.04,1.01,6.24
753,2024-09-30,601728,6.28,6.62,6.74,6.17,6101784,3946989763.0,9.13,6.09,0.38,3.01,6.62
754,2024-10-08,601728,7.23,6.57,7.23,6.34,5929747,4002807439.0,13.44,-0.76,-0.05,2.93,6.57
755,2024-10-09,601728,6.42,6.23,6.42,6.21,3553642,2275295107.0,3.2,-5.18,-0.34,1.75,6.23
756,2024-10-10,601728,6.23,6.55,6.65,6.23,4102725,2697450743.0,6.74,5.14,0.32,2.03,6.55
757,2024-10-11,601728,6.49,6.21,6.53,6.19,2856624,1838405204.0,5.19,-5.19,-0.34,1.41,6.21
758,2024-10-14,601728,6.24,6.43,6.46,6.23,2681898,1729539115.0,3.7,3.54,0.22,1.32,6.43
759,2024-10-15,601728,6.4,6.34,6.53,6.33,1637268,1066311044.0,3.11,-1.4,-0.09,0.81,6.34
760,2024-10-16,601728,6.28,6.38,6.42,6.26,1168664,753727537.0,2.52,0.63,0.04,0.58,6.38
761,2024-10-17,601728,6.39,6.32,6.45,6.31,1338169,864723895.0,2.19,-0.94,-0.06,0.66,6.32
762,2024-10-18,601728,6.29,6.44,6.5,6.22,1875638,1211603399.0,4.43,1.9,0.12,0.93,6.44
763,2024-10-21,601728,6.46,6.57,6.58,6.28,2747774,1792901223.0,4.66,2.02,0.13,1.36,6.57
764,2024-10-22,601728,6.5,6.56,6.6,6.44,1962722,1298157169.0,2.44,-0.15,-0.01,0.97,6.56
765,2024-10-23,601728,6.56,6.5,6.59,6.45,2037974,1344688883.0,2.13,-0.91,-0.06,1.01,6.5
766,2024-10-24,601728,6.48,6.41,6.49,6.35,1641327,1061814335.0,2.15,-1.38,-0.09,0.81,6.41
767,2024-10-25,601728,6.4,6.38,6.43,6.34,1600845,1036209350.0,1.4,-0.47,-0.03,0.79,6.38
768,2024-10-28,601728,6.36,6.43,6.48,6.27,1524235,986818589.0,3.29,0.78,0.05,0.75,6.43
769,2024-10-29,601728,6.41,6.43,6.46,6.33,1422590,922519247.0,2.02,0.0,0.0,0.7,6.43
770,2024-10-30,601728,6.4,6.38,6.46,6.36,1135776,737869540.0,1.56,-0.78,-0.05,0.56,6.38
771,2024-10-31,601728,6.35,6.27,6.4,6.24,1893103,1209501832.0,2.51,-1.72,-0.11,0.93,6.27
772,2024-11-01,601728,6.27,6.32,6.35,6.24,1416059,907502491.0,1.75,0.8,0.05,0.7,6.32
773,2024-11-04,601728,6.33,6.3,6.35,6.26,1123871,717420129.0,1.42,-0.32,-0.02,0.55,6.3
774,2024-11-05,601728,6.3,6.33,6.33,6.26,2001289,1278971193.0,1.11,0.48,0.03,0.99,6.33
775,2024-11-06,601728,6.32,6.36,6.39,6.31,1902604,1224306800.0,1.26,0.47,0.03,0.94,6.36
776,2024-11-07,601728,6.31,6.48,6.48,6.29,2264520,1469079220.0,2.99,1.89,0.12,1.12,6.48
777,2024-11-08,601728,6.48,6.42,6.5,6.35,1978461,1286601346.0,2.31,-0.93,-0.06,0.98,6.42
778,2024-11-11,601728,6.41,6.43,6.43,6.31,1476619,952425282.0,1.87,0.16,0.01,0.73,6.43
779,2024-11-12,601728,6.41,6.27,6.41,6.26,1697349,1089619554.0,2.33,-2.49,-0.16,0.84,6.27
780,2024-11-13,601728,6.27,6.61,6.87,6.26,5021153,3359034838.0,9.73,5.42,0.34,2.48,6.61
781,2024-11-14,601728,6.47,6.47,6.62,6.37,2640003,1732374454.0,3.78,-2.12,-0.14,1.3,6.47
782,2024-11-15,601728,6.41,6.61,6.88,6.41,3961648,2674444022.0,7.26,2.16,0.14,1.96,6.61
783,2024-11-18,601728,6.62,6.66,6.83,6.52,3153632,2132797920.0,4.69,0.76,0.05,1.56,6.66
784,2024-11-19,601728,6.6,6.44,6.62,6.33,2621917,1713233055.0,4.35,-3.3,-0.22,1.29,6.44
785,2024-11-20,601728,6.38,6.54,6.55,6.37,1765301,1161245424.0,2.8,1.55,0.1,0.87,6.54
786,2024-11-21,601728,6.51,6.43,6.57,6.39,1291975,845886692.0,2.75,-1.68,-0.11,0.64,6.43
787,2024-11-22,601728,6.41,6.33,6.51,6.31,1398866,907941946.0,3.11,-1.56,-0.1,0.69,6.33
788,2024-11-25,601728,6.34,6.29,6.43,6.24,1417609,909968756.0,3.0,-0.63,-0.04,0.7,6.29
789,2024-11-26,601728,6.29,6.34,6.38,6.25,932018,599882708.0,2.07,0.79,0.05,0.46,6.34
790,2024-11-27,601728,6.31,6.44,6.48,6.31,1360504,885892207.0,2.68,1.58,0.1,0.67,6.44
791,2024-11-28,601728,6.44,6.35,6.47,6.33,1015239,658071612.0,2.17,-1.4,-0.09,0.5,6.35
792,2024-11-29,601728,6.35,6.38,6.44,6.35,1042717,676816235.0,1.42,0.47,0.03,0.51,6.38
793,2024-12-02,601728,6.36,6.4,6.41,6.35,941515,609505983.0,0.94,0.31,0.02,0.46,6.4
794,2024-12-03,601728,6.39,6.44,6.45,6.36,961415,624691336.0,1.41,0.63,0.04,0.47,6.44
795,2024-12-04,601728,6.43,6.57,6.62,6.4,1815238,1202009436.0,3.42,2.02,0.13,0.9,6.57
796,2024-12-05,601728,6.59,6.53,6.65,6.51,978513,649960662.0,2.13,-0.61,-0.04,0.48,6.53
797,2024-12-06,601728,6.54,6.54,6.6,6.47,1369111,907291956.0,1.99,0.15,0.01,0.68,6.54
798,2024-12-09,601728,6.54,6.64,6.71,6.52,1469489,987967307.0,2.91,1.53,0.1,0.73,6.64
799,2024-12-10,601728,6.7,6.61,6.75,6.59,1443022,970359317.0,2.41,-0.45,-0.03,0.71,6.61
800,2024-12-11,601728,6.61,6.63,6.65,6.55,1282094,859246318.0,1.51,0.3,0.02,0.63,6.63
801,2024-12-12,601728,6.61,6.73,6.76,6.6,1662022,1128356074.0,2.41,1.51,0.1,0.82,6.73
802,2024-12-13,601728,6.73,6.7,6.8,6.66,1684520,1148136568.0,2.08,-0.45,-0.03,0.83,6.7
803,2024-12-16,601728,6.7,6.89,6.93,6.7,2071251,1440537129.0,3.43,2.84,0.19,1.02,6.89
804,2024-12-17,601728,6.89,6.89,7.11,6.87,1658153,1168306744.0,3.48,0.0,0.0,0.82,6.89
805,2024-12-18,601728,6.84,6.92,7.02,6.84,1502161,1055350850.0,2.61,0.44,0.03,0.74,6.92
806,2024-12-19,601728,6.87,7.0,7.08,6.86,1242771,881389025.0,3.18,1.16,0.08,0.61,7.0
807,2024-12-20,601728,6.96,6.96,7.03,6.92,969414,684837130.0,1.57,-0.57,-0.04,0.48,6.96
808,2024-12-23,601728,6.96,6.97,7.04,6.93,1299443,919116919.0,1.58,0.14,0.01,0.64,6.97
809,2024-12-24,601728,6.97,7.0,7.01,6.88,1084068,764085726.0,1.87,0.43,0.03,0.54,7.0
810,2024-12-25,601728,7.0,7.12,7.21,6.99,1424793,1029908636.0,3.14,1.71,0.12,0.7,7.12
811,2024-12-26,601728,7.14,7.14,7.17,6.95,1238983,886575053.0,3.09,0.28,0.02,0.61,7.14
812,2024-12-27,601728,7.09,7.08,7.17,7.01,1025016,734371892.0,2.24,-0.84,-0.06,0.51,7.08
813,2024-12-30,601728,7.08,7.17,7.21,7.06,1033542,748643038.0,2.12,1.27,0.09,0.51,7.17
814,2024-12-31,601728,7.19,7.13,7.26,7.13,1024907,745617620.0,1.81,-0.56,-0.04,0.51,7.13
815,2025-01-02,601728,7.13,7.02,7.19,6.94,1737025,1236590567.0,3.51,-1.54,-0.11,0.86,7.02
816,2025-01-03,601728,7.02,6.92,7.09,6.85,1263160,887517364.0,3.42,-1.42,-0.1,0.62,6.92
817,2025-01-06,601728,6.89,6.91,6.95,6.81,978665,682092323.0,2.02,-0.14,-0.01,0.48,6.91
818,2025-01-07,601728,6.9,6.91,6.93,6.83,647361,451490387.0,1.45,0.0,0.0,0.32,6.91
819,2025-01-08,601728,6.89,7.07,7.08,6.85,1106838,783927166.0,3.33,2.32,0.16,0.55,7.07
820,2025-01-09,601728,7.06,6.98,7.08,6.96,668609,474416388.0,1.7,-1.27,-0.09,0.33,6.98
821,2025-01-10,601728,6.98,6.89,6.99,6.88,604938,424701267.0,1.58,-1.29,-0.09,0.3,6.89
822,2025-01-13,601728,6.83,6.74,6.89,6.66,1074907,734843010.0,3.34,-2.18,-0.15,0.53,6.74
823,2025-01-14,601728,6.74,6.8,6.94,6.72,879309,607436433.0,3.26,0.89,0.06,0.43,6.8
824,2025-01-15,601728,6.81,6.79,6.94,6.77,675277,468639862.0,2.5,-0.15,-0.01,0.33,6.79
825,2025-01-16,601728,6.79,6.86,6.9,6.76,763437,528766249.0,2.06,1.03,0.07,0.38,6.86
826,2025-01-17,601728,6.85,6.85,6.95,6.8,583673,407075002.0,2.19,-0.15,-0.01,0.29,6.85
827,2025-01-20,601728,6.86,6.78,6.91,6.77,662780,458371923.0,2.04,-1.02,-0.07,0.33,6.78
828,2025-01-21,601728,6.79,6.6,6.8,6.58,1335756,901802881.0,3.24,-2.65,-0.18,0.66,6.6
829,2025-01-22,601728,6.61,6.67,6.71,6.54,865753,582438376.0,2.58,1.06,0.07,0.43,6.67
830,2025-01-23,601728,6.7,6.76,6.87,6.69,944032,648523106.0,2.7,1.35,0.09,0.47,6.76
831,2025-01-24,601728,6.73,6.82,6.91,6.73,816018,564198091.0,2.66,0.89,0.06,0.4,6.82
832,2025-01-27,601728,6.85,6.97,7.02,6.8,876606,615860348.0,3.23,2.2,0.15,0.43,6.97
833,2025-02-05,601728,7.0,6.88,7.06,6.83,1019577,713114477.0,3.3,-1.29,-0.09,0.5,6.88
834,2025-02-06,601728,6.92,7.0,7.03,6.84,1354177,950765935.0,2.76,1.74,0.12,0.67,7.0
835,2025-02-07,601728,6.98,7.04,7.24,6.92,1307564,932453486.0,4.57,0.57,0.04,0.65,7.04
836,2025-02-10,601728,7.21,7.51,7.75,7.18,4466332,3405071047.0,8.1,6.68,0.47,2.21,7.51
837,2025-02-11,601728,7.49,7.71,7.98,7.42,4718415,3671997648.0,7.46,2.66,0.2,2.33,7.71
838,2025-02-12,601728,7.63,7.65,7.7,7.5,2849327,2194683951.0,2.59,-0.78,-0.06,1.41,7.65
839,2025-02-13,601728,7.61,7.67,7.92,7.61,3061918,2406216682.0,4.05,0.26,0.02,1.51,7.67
840,2025-02-14,601728,7.56,7.81,7.92,7.5,3884289,3041143821.0,5.48,1.83,0.14,1.92,7.81
841,2025-02-17,601728,8.03,8.06,8.34,7.91,5679250,4658078700.0,5.51,3.2,0.25,2.8,8.06
842,2025-02-18,601728,8.06,8.06,8.31,7.99,3297274,2707082400.0,3.97,0.0,0.0,1.63,8.06
843,2025-02-19,601728,8.09,7.97,8.25,7.92,2690590,2186074972.0,4.09,-1.12,-0.09,1.33,7.97
844,2025-02-20,601728,7.87,7.73,7.96,7.68,2487386,1956113530.0,3.51,-3.01,-0.24,0.32,7.73
845,2025-02-21,601728,7.89,8.51,8.51,7.86,4768165,4004076504.0,8.41,10.09,0.78,0.61,8.51
846,2025-02-24,601728,8.51,8.27,8.52,8.2,3819323,3237690197.0,3.76,-2.82,-0.24,0.49,8.27
847,2025-02-25,601728,8.09,8.03,8.24,7.97,1972085,1617391769.0,3.26,-2.9,-0.24,0.25,8.03
848,2025-02-26,601728,8.19,7.97,8.23,7.91,1698855,1374565656.0,3.99,-0.75,-0.06,0.22,7.97
849,2025-02-27,601728,7.98,7.81,8.03,7.72,1925871,1525235921.0,3.89,-2.01,-0.16,0.25,7.81
850,2025-02-28,601728,7.79,7.66,7.84,7.64,1494129,1168716756.0,2.56,-1.92,-0.15,0.19,7.66
851,2025-03-03,601728,7.71,7.83,7.99,7.71,1902242,1513775788.0,3.66,2.22,0.17,0.25,7.83
852,2025-03-04,601728,7.77,7.71,7.83,7.66,1213673,947033218.0,2.17,-1.53,-0.12,0.16,7.71
853,2025-03-05,601728,7.71,7.95,7.99,7.7,1623100,1294511680.0,3.76,3.11,0.24,0.21,7.95
854,2025-03-06,601728,8.02,8.17,8.21,7.94,2181645,1789037769.0,3.4,2.77,0.22,0.28,8.17
855,2025-03-07,601728,8.1,8.13,8.32,8.08,1154874,952545889.0,2.94,-0.49,-0.04,0.15,8.13
856,2025-03-10,601728,8.13,7.87,8.14,7.85,1523944,1221268498.0,3.57,-3.2,-0.26,0.2,7.87
857,2025-03-11,601728,7.74,7.95,7.95,7.74,1119244,892266169.0,2.67,1.02,0.08,0.14,7.95
858,2025-03-12,601728,7.96,7.84,7.99,7.69,1639735,1296170422.0,3.77,-1.38,-0.11,0.21,7.84
859,2025-03-13,601728,7.82,7.74,7.89,7.69,1142163,898289346.0,2.55,-1.28,-0.1,0.15,7.74
860,2025-03-14,601728,7.71,7.73,7.87,7.65,1585399,1244793614.0,2.84,-0.13,-0.01,0.2,7.73
861,2025-03-17,601728,7.73,7.72,7.79,7.64,1041114,812473703.0,1.94,-0.13,-0.01,0.13,7.72
862,2025-03-18,601728,7.74,7.77,7.86,7.71,1237118,975132931.0,1.94,0.65,0.05,0.16,7.77
863,2025-03-19,601728,7.76,7.55,7.76,7.51,1587211,1217098343.0,3.22,-2.83,-0.22,0.2,7.55
864,2025-03-20,601728,7.52,7.42,7.55,7.4,1219388,918943298.0,1.99,-1.72,-0.13,0.16,7.42
865,2025-03-21,601728,7.42,7.43,7.53,7.39,1163395,879850480.0,1.89,0.13,0.01,0.15,7.43
866,2025-03-24,601728,7.42,7.52,7.56,7.41,1287876,978588326.0,2.02,1.21,0.09,0.17,7.52
867,2025-03-25,601728,7.53,7.48,7.55,7.42,931997,704513079.0,1.73,-0.53,-0.04,0.12,7.48
868,2025-03-26,601728,7.5,7.56,7.64,7.46,1293029,989085003.0,2.41,1.07,0.08,0.17,7.56
869,2025-03-27,601728,7.58,7.62,7.75,7.54,1195084,927242449.0,2.78,0.79,0.06,0.15,7.62
870,2025-03-28,601728,7.63,7.63,7.65,7.52,803631,616684926.0,1.71,0.13,0.01,0.1,7.63
871,2025-03-31,601728,7.61,7.76,7.82,7.58,1475232,1154996630.0,3.15,1.7,0.13,0.19,7.76
872,2025-04-01,601728,7.76,7.72,7.78,7.62,986494,767665786.0,2.06,-0.52,-0.04,0.13,7.72
873,2025-04-02,601728,7.69,7.79,7.81,7.67,800601,627581221.0,1.81,0.91,0.07,0.1,7.79
874,2025-04-03,601728,7.76,7.94,7.97,7.74,1187067,947320095.0,2.95,1.93,0.15,0.15,7.94
875,2025-04-07,601728,7.73,7.78,7.93,7.51,2554959,1993771297.0,5.29,-2.02,-0.16,0.33,7.78
876,2025-04-08,601728,7.77,8.13,8.13,7.73,2467977,1981596413.0,5.14,4.5,0.35,0.32,8.13
877,2025-04-09,601728,8.11,8.21,8.22,7.94,2325455,1893142968.0,3.44,0.98,0.08,0.3,8.21
878,2025-04-10,601728,8.21,8.09,8.21,7.86,2552196,2050586639.0,4.26,-1.46,-0.12,0.33,8.09
879,2025-04-11,601728,7.96,7.84,7.96,7.81,1692461,1345142704.0,1.85,-3.09,-0.25,0.22,7.84
880,2025-04-14,601728,7.81,7.8,7.84,7.64,1395900,1096198104.0,2.55,-0.51,-0.04,0.18,7.8
881,2025-04-15,601728,7.8,7.89,7.91,7.76,1348087,1071448235.0,1.92,1.15,0.09,0.17,7.89
882,2025-04-16,601728,7.88,8.03,8.03,7.83,1765769,1420252942.0,2.53,1.77,0.14,0.23,8.03
883,2025-04-17,601728,7.98,7.97,8.04,7.87,1250056,1001778397.0,2.12,-0.75,-0.06,0.16,7.97
884,2025-04-18,601728,7.9,7.88,7.94,7.83,709218,565465098.0,1.38,-1.13,-0.09,0.09,7.88
885,2025-04-21,601728,7.85,7.84,7.91,7.81,756491,600307456.0,1.27,-0.51,-0.04,0.1,7.84
886,2025-04-22,601728,7.83,7.78,7.89,7.77,1058198,836027167.0,1.53,-0.77,-0.06,0.14,7.78
887,2025-04-23,601728,7.78,7.67,7.79,7.66,1206657,939071184.0,1.67,-1.41,-0.11,0.16,7.67
888,2025-04-24,601728,7.67,7.68,7.68,7.62,798961,618519438.0,0.78,0.13,0.01,0.1,7.68
889,2025-04-25,601728,7.68,7.61,7.71,7.58,885762,683646587.0,1.69,-0.91,-0.07,0.11,7.61
890,2025-04-28,601728,7.51,7.67,7.7,7.48,1210061,932956203.0,2.89,0.79,0.06,0.16,7.67
891,2025-04-29,601728,7.67,7.64,7.72,7.61,798125,619057601.0,1.43,-0.39,-0.03,0.1,7.64
892,2025-04-30,601728,7.65,7.6,7.66,7.59,698824,538921845.0,0.92,-0.52,-0.04,0.09,7.6
893,2025-05-06,601728,7.63,7.69,7.74,7.56,1310293,1014918205.0,2.37,1.18,0.09,0.17,7.69
894,2025-05-07,601728,7.76,7.82,7.82,7.65,1458724,1141676324.0,2.21,1.69,0.13,0.19,7.82
895,2025-05-08,601728,7.77,7.72,7.81,7.71,859537,673767016.0,1.28,-1.28,-0.1,0.11,7.72
896,2025-05-09,601728,7.71,7.72,7.77,7.69,860144,673835105.0,1.04,0.0,0.0,0.11,7.72
897,2025-05-12,601728,7.73,7.71,7.75,7.65,970480,755135719.0,1.3,-0.13,-0.01,0.13,7.71
898,2025-05-13,601728,7.71,7.67,7.72,7.66,750249,583263055.0,0.78,-0.52,-0.04,0.1,7.67
899,2025-05-14,601728,7.66,7.78,7.79,7.65,1132720,886426101.0,1.83,1.43,0.11,0.15,7.78
900,2025-05-15,601728,7.77,7.83,7.84,7.73,936059,738252461.0,1.41,0.64,0.05,0.12,7.83
901,2025-05-16,601728,7.79,7.73,7.82,7.59,1439023,1118197088.0,2.94,-1.28,-0.1,0.19,7.73
902,2025-05-19,601728,7.68,7.68,7.7,7.65,742583,576209749.0,0.65,-0.65,-0.05,0.1,7.68
903,2025-05-20,601728,7.68,7.77,7.87,7.68,1562803,1230525495.0,2.47,1.17,0.09,0.2,7.77
904,2025-05-21,601728,7.77,7.83,7.86,7.77,844923,668919951.0,1.16,0.77,0.06,0.11,7.83
905,2025-05-22,601728,7.83,7.81,7.85,7.77,480021,378438717.0,1.02,-0.26,-0.02,0.06,7.81
906,2025-05-23,601728,7.81,7.83,7.89,7.77,843901,670348223.0,1.54,0.26,0.02,0.11,7.83
907,2025-05-26,601728,7.83,7.76,7.85,7.73,627861,493667067.0,1.53,-0.89,-0.07,0.08,7.76
908,2025-05-27,601728,7.75,7.84,7.86,7.74,760485,602296901.0,1.55,1.03,0.08,0.1,7.84
909,2025-05-28,601728,7.84,7.82,7.93,7.79,958406,763155430.0,1.79,-0.26,-0.02,0.12,7.82
910,2025-05-29,601728,7.81,7.95,7.97,7.76,1286032,1029314237.0,2.69,1.66,0.13,0.17,7.95
911,2025-05-30,601728,7.96,7.94,7.99,7.86,886300,710262485.0,1.64,-0.13,-0.01,0.11,7.94
912,2025-06-03,601728,7.91,7.86,7.98,7.84,793681,633237291.0,1.76,-1.01,-0.08,0.1,7.86
913,2025-06-04,601728,7.88,7.8,7.9,7.79,863469,682685043.0,1.4,-0.76,-0.06,0.11,7.8
914,2025-06-05,601728,7.8,7.87,7.93,7.78,963335,766079097.0,1.92,0.9,0.07,0.12,7.87
915,2025-06-06,601728,7.87,7.93,7.94,7.81,824239,657199090.0,1.65,0.76,0.06,0.11,7.93
916,2025-06-09,601728,7.91,7.91,7.95,7.87,711508,568847897.0,1.01,-0.25,-0.02,0.09,7.91
917,2025-06-10,601728,7.91,7.79,7.99,7.79,1028729,817622808.0,2.53,-1.52,-0.12,0.13,7.79
918,2025-06-11,601728,7.82,7.76,7.82,7.73,796939,619415413.0,1.16,-0.39,-0.03,0.1,7.76
919,2025-06-12,601728,7.75,7.62,7.77,7.61,1227312,939251477.0,2.06,-1.8,-0.14,0.16,7.62
920,2025-06-13,601728,7.61,7.67,7.69,7.59,1373688,1051466483.0,1.31,0.66,0.05,0.18,7.67
921,2025-06-16,601728,7.61,7.75,7.76,7.61,970763,746969836.0,1.96,1.04,0.08,0.13,7.75
922,2025-06-17,601728,7.72,7.76,7.78,7.71,636914,493292270.0,0.9,0.13,0.01,0.08,7.76
923,2025-06-18,601728,7.76,7.81,7.82,7.74,686833,535370770.0,1.03,0.64,0.05,0.09,7.81
924,2025-06-19,601728,7.81,7.84,7.88,7.73,998639,779601225.0,1.92,0.38,0.03,0.13,7.84
925,2025-06-20,601728,7.81,7.9,7.92,7.8,717021,565037200.0,1.53,0.77,0.06,0.09,7.9
926,2025-06-23,601728,7.86,7.86,7.93,7.83,541807,426370825.0,1.27,-0.51,-0.04,0.07,7.86
927,2025-06-24,601728,7.88,7.91,7.95,7.87,763861,605123759.0,1.02,0.64,0.05,0.1,7.91
928,2025-06-25,601728,7.9,7.88,7.92,7.83,681986,536547277.0,1.14,-0.38,-0.03,0.09,7.88
929,2025-06-26,601728,7.86,7.83,7.87,7.78,816289,637849951.0,1.14,-0.63,-0.05,0.11,7.83
930,2025-06-27,601728,7.83,7.75,7.83,7.73,835481,649371138.0,1.28,-1.02,-0.08,0.11,7.75
931,2025-06-30,601728,7.69,7.79,7.8,7.66,643708,497014331.0,1.81,0.52,0.04,0.08,7.79
